source_mat_id_orig,samp_description,tax_id,scientific_name,investigation_type,env_material,collection_date,sampling_event,sampl_person,sampl_person_orcid,tidal_stage,noteworthy_env_cond,depth,replicate,samp_size_vol,time_fi,size_frac,size_frac_low,size_frac_up,membr_cut,samp_collect_device,samp_mat_process,samp_mat_process_dev,samp_store_date,samp_store_loc,samp_store_temp,store_person,store_person_orcid,other_person,other_person_orcid,long_store,ship_date,arr_date_hq,store_temp_hq,ship_date_seq,arr_date_seq,seq_batch,failure,failure_comment,ENA_accession_number_sample,source_mat_id
EMO BON PiEGetxo Wa 210824 3um (1),EMOBON metagenome water sample from station PiEGetxo collected on 2021-08-24 size fraction 3-200um,https://www.ncbi.nlm.nih.gov/taxonomy/browser/wwwtax.cgi?id=1874687,marine plankton metagenome,metagenome,seawater [ENVO:00002149]; coastal sea water [ENVO:00002150]; surface water [ENVO:00002042],2021-08-24,PiEGetxo_Wa_210824,Oihane Diaz de cerio,https://orcid.org/0000-0002-5605-8434,low_tide,,1,1,10,1,3-200,3,200,true,Niskin,WaSOP 1,MasterFlex L/S,2021-08-24,"BBEBB, freezer 12",-80,Xabier Lekube,https://orcid.org/0000-0002-1005-4593,Ibon Cancio,https://orcid.org/0000-0003-4841-0079,false,2021-10-08,2021-10-11,-70,2021-11-24,2021-11-24,,false,NA,NA,EMOBON_PiEGetxo_Wa_1
EMO BON PiEGetxo Wa 210824 3um (2),EMOBON metagenome water sample from station PiEGetxo collected on 2021-08-24 size fraction 3-200um,https://www.ncbi.nlm.nih.gov/taxonomy/browser/wwwtax.cgi?id=1874687,marine plankton metagenome,metagenome,seawater [ENVO:00002149]; coastal sea water [ENVO:00002150]; surface water [ENVO:00002042],2021-08-24,PiEGetxo_Wa_210824,Oihane Diaz de cerio,https://orcid.org/0000-0002-5605-8434,low_tide,,1,2,10,1,3-200,3,200,true,Niskin,WaSOP 1,MasterFlex L/S,2021-08-24,"BBEBB, freezer 12",-80,Xabier Lekube,https://orcid.org/0000-0002-1005-4593,Ibon Cancio,https://orcid.org/0000-0003-4841-0079,false,2021-10-08,2021-10-11,-70,2021-11-24,2021-11-24,,false,NA,NA,EMOBON_PiEGetxo_Wa_2
EMO BON PiEGetxo Wa 210824 0.2um (1),EMOBON metagenome water sample from station PiEGetxo collected on 2021-08-24 size fraction 0.2-3um,https://www.ncbi.nlm.nih.gov/taxonomy/browser/wwwtax.cgi?id=1874687,marine plankton metagenome,metagenome,seawater [ENVO:00002149]; coastal sea water [ENVO:00002150]; surface water [ENVO:00002042],2021-08-24,PiEGetxo_Wa_210824,Oihane Diaz de cerio,https://orcid.org/0000-0002-5605-8434,low_tide,,1,1,10,1,0.2-3,0.2,3,true,Niskin,WaSOP 1,MasterFlex L/S,2021-08-24,"BBEBB, freezer 12",-80,Xabier Lekube,https://orcid.org/0000-0002-1005-4593,Ibon Cancio,https://orcid.org/0000-0003-4841-0079,false,2021-10-08,2021-10-11,-70,2021-11-24,2021-11-24,,false,NA,NA,EMOBON_PiEGetxo_Wa_3
EMO BON PiEGetxo Wa 210824 0.2um (2),EMOBON metagenome water sample from station PiEGetxo collected on 2021-08-24 size fraction 0.2-3um,https://www.ncbi.nlm.nih.gov/taxonomy/browser/wwwtax.cgi?id=1874687,marine plankton metagenome,metagenome,seawater [ENVO:00002149]; coastal sea water [ENVO:00002150]; surface water [ENVO:00002042],2021-08-24,PiEGetxo_Wa_210824,Oihane Diaz de cerio,https://orcid.org/0000-0002-5605-8434,low_tide,,1,2,10,1,0.2-3,0.2,3,true,Niskin,WaSOP 1,MasterFlex L/S,2021-08-24,"BBEBB, freezer 12",-80,Xabier Lekube,https://orcid.org/0000-0002-1005-4593,Ibon Cancio,https://orcid.org/0000-0003-4841-0079,false,2021-10-08,2021-10-11,-70,2021-11-24,2021-11-24,,false,NA,NA,EMOBON_PiEGetxo_Wa_4
EMO BON PiEGetxo Wa 210824 3um (BLANK),EMOBON metagenome water sample from station PiEGetxo collected on 2021-08-24 size fraction 3-200um,https://www.ncbi.nlm.nih.gov/taxonomy/browser/wwwtax.cgi?id=1874687,marine plankton metagenome,metagenome,MilliQ water [ENVO:00003065],2021-08-24,PiEGetxo_Wa_210824,Oihane Diaz de cerio,https://orcid.org/0000-0002-5605-8434,no_tide,,NA,blank_1,NA,NA,3-200,3,200,true,NA,WaSOP 1,MasterFlex L/S,2021-08-24,"BBEBB, freezer 12",-80,Xabier Lekube,https://orcid.org/0000-0002-1005-4593,Ibon Cancio,https://orcid.org/0000-0003-4841-0079,false,2021-10-08,2021-10-11,-70,2021-11-24,2021-11-24,,false,NA,NA,EMOBON_PiEGetxo_Wa_5
EMO BON PiEGetxo Wa 210824 0.2um (BLANK),EMOBON metagenome water sample from station PiEGetxo collected on 2021-08-24 size fraction 0.2-3um,https://www.ncbi.nlm.nih.gov/taxonomy/browser/wwwtax.cgi?id=1874687,marine plankton metagenome,metagenome,MilliQ water [ENVO:00003065],2021-08-24,PiEGetxo_Wa_210824,Oihane Diaz de cerio,https://orcid.org/0000-0002-5605-8434,no_tide,,NA,blank_1,NA,NA,0.2-3,0.2,3,true,NA,WaSOP 1,MasterFlex L/S,2021-08-24,"BBEBB, freezer 12",-80,Xabier Lekube,https://orcid.org/0000-0002-1005-4593,Ibon Cancio,https://orcid.org/0000-0003-4841-0079,false,2021-10-08,2021-10-11,-70,2021-11-24,2021-11-24,,false,NA,NA,EMOBON_PiEGetxo_Wa_6
EMO BON PiEGetxo Wa 210824 3um (3),EMOBON metagenome water sample from station PiEGetxo collected on 2021-08-24 size fraction 3-200um,https://www.ncbi.nlm.nih.gov/taxonomy/browser/wwwtax.cgi?id=1874687,marine plankton metagenome,metagenome,seawater [ENVO:00002149]; coastal sea water [ENVO:00002150]; surface water [ENVO:00002042],2021-08-24,PiEGetxo_Wa_210824,Oihane Diaz de cerio,https://orcid.org/0000-0002-5605-8434,low_tide,,1,3,10,1,3-200,3,200,true,Niskin,WaSOP 1,MasterFlex L/S,2021-08-24,"BBEBB, freezer 12",-80,Xabier Lekube,https://orcid.org/0000-0002-1005-4593,Ibon Cancio,https://orcid.org/0000-0003-4841-0079,true,NA,NA,NA,NA,NA,,NA,NA,NA,EMOBON_PiEGetxo_Wa_7
EMO BON PiEGetxo Wa 210824 3um (4),EMOBON metagenome water sample from station PiEGetxo collected on 2021-08-24 size fraction 3-200um,https://www.ncbi.nlm.nih.gov/taxonomy/browser/wwwtax.cgi?id=1874687,marine plankton metagenome,metagenome,seawater [ENVO:00002149]; coastal sea water [ENVO:00002150]; surface water [ENVO:00002042],2021-08-24,PiEGetxo_Wa_210824,Oihane Diaz de cerio,https://orcid.org/0000-0002-5605-8434,low_tide,,1,4,10,1,3-200,3,200,true,Niskin,WaSOP 1,MasterFlex L/S,2021-08-24,"BBEBB, freezer 12",-80,Xabier Lekube,https://orcid.org/0000-0002-1005-4593,Ibon Cancio,https://orcid.org/0000-0003-4841-0079,true,NA,NA,NA,NA,NA,,NA,NA,NA,EMOBON_PiEGetxo_Wa_8
EMO BON PiEGetxo Wa 210824 0.2um (3),EMOBON metagenome water sample from station PiEGetxo collected on 2021-08-24 size fraction 0.2-3um,https://www.ncbi.nlm.nih.gov/taxonomy/browser/wwwtax.cgi?id=1874687,marine plankton metagenome,metagenome,seawater [ENVO:00002149]; coastal sea water [ENVO:00002150]; surface water [ENVO:00002042],2021-08-24,PiEGetxo_Wa_210824,Oihane Diaz de cerio,https://orcid.org/0000-0002-5605-8434,low_tide,,1,3,10,1,0.2-3,0.2,3,true,Niskin,WaSOP 1,MasterFlex L/S,2021-08-24,"BBEBB, freezer 12",-80,Xabier Lekube,https://orcid.org/0000-0002-1005-4593,Ibon Cancio,https://orcid.org/0000-0003-4841-0079,true,NA,NA,NA,NA,NA,,NA,NA,NA,EMOBON_PiEGetxo_Wa_9
EMO BON PiEGetxo Wa 210824 0.2um (4),EMOBON metagenome water sample from station PiEGetxo collected on 2021-08-24 size fraction 0.2-3um,https://www.ncbi.nlm.nih.gov/taxonomy/browser/wwwtax.cgi?id=1874687,marine plankton metagenome,metagenome,seawater [ENVO:00002149]; coastal sea water [ENVO:00002150]; surface water [ENVO:00002042],2021-08-24,PiEGetxo_Wa_210824,Oihane Diaz de cerio,https://orcid.org/0000-0002-5605-8434,low_tide,,1,4,10,1,0.2-3,0.2,3,true,Niskin,WaSOP 1,MasterFlex L/S,2021-08-24,"BBEBB, freezer 12",-80,Xabier Lekube,https://orcid.org/0000-0002-1005-4593,Ibon Cancio,https://orcid.org/0000-0003-4841-0079,true,NA,NA,NA,NA,NA,,NA,NA,NA,EMOBON_PiEGetxo_Wa_10
EMO BON PiEGetxo Wa 210824 3um (BLANK1),EMOBON metagenome water sample from station PiEGetxo collected on 2021-08-24 size fraction 3-200um,https://www.ncbi.nlm.nih.gov/taxonomy/browser/wwwtax.cgi?id=1874687,marine plankton metagenome,metagenome,MilliQ water [ENVO:00003065],2021-08-24,PiEGetxo_Wa_210824,Oihane Diaz de cerio,https://orcid.org/0000-0002-5605-8434,no_tide,,NA,blank_2,NA,NA,3-200,3,200,true,NA,WaSOP 1,MasterFlex L/S,2021-08-24,"BBEBB, freezer 12",-80,Xabier Lekube,https://orcid.org/0000-0002-1005-4593,Ibon Cancio,https://orcid.org/0000-0003-4841-0079,true,NA,NA,NA,NA,NA,,NA,NA,NA,EMOBON_PiEGetxo_Wa_11
EMO BON PiEGetxo Wa 211027 3um (1),EMOBON metagenome water sample from station PiEGetxo collected on 2021-10-27 size fraction 3-200um,https://www.ncbi.nlm.nih.gov/taxonomy/browser/wwwtax.cgi?id=1874687,marine plankton metagenome,metagenome,seawater [ENVO:00002149]; coastal sea water [ENVO:00002150]; surface water [ENVO:00002042],2021-10-27,PiEGetxo_Wa_211027,Oihane Diaz de cerio,https://orcid.org/0000-0002-5605-8434,high_tide,,1,1,10,1,3-200,3,200,true,Niskin,WaSOP 1,MasterFlex L/S,2021-10-27,"BBEBB, freezer 12",-80,Xabier Lekube,https://orcid.org/0000-0002-1005-4593,Ibon Cancio,https://orcid.org/0000-0003-4841-0079,false,2022-01-17,2022-01-19,-70,2022-02-22,2022-02-23,,false,NA,NA,EMOBON_PiEGetxo_Wa_12
EMO BON PiEGetxo Wa 211027 3um (2),EMOBON metagenome water sample from station PiEGetxo collected on 2021-10-27 size fraction 3-200um,https://www.ncbi.nlm.nih.gov/taxonomy/browser/wwwtax.cgi?id=1874687,marine plankton metagenome,metagenome,seawater [ENVO:00002149]; coastal sea water [ENVO:00002150]; surface water [ENVO:00002042],2021-10-27,PiEGetxo_Wa_211027,Oihane Diaz de cerio,https://orcid.org/0000-0002-5605-8434,high_tide,,1,2,10,1,3-200,3,200,true,Niskin,WaSOP 1,MasterFlex L/S,2021-10-27,"BBEBB, freezer 12",-80,Xabier Lekube,https://orcid.org/0000-0002-1005-4593,Ibon Cancio,https://orcid.org/0000-0003-4841-0079,false,2022-01-17,2022-01-19,-70,2022-02-22,2022-02-23,,false,NA,NA,EMOBON_PiEGetxo_Wa_13
EMO BON PiEGetxo Wa 211027 0.2um (1),EMOBON metagenome water sample from station PiEGetxo collected on 2021-10-27 size fraction 0.2-3um,https://www.ncbi.nlm.nih.gov/taxonomy/browser/wwwtax.cgi?id=1874687,marine plankton metagenome,metagenome,seawater [ENVO:00002149]; coastal sea water [ENVO:00002150]; surface water [ENVO:00002042],2021-10-27,PiEGetxo_Wa_211027,Oihane Diaz de cerio,https://orcid.org/0000-0002-5605-8434,high_tide,,1,1,10,1,0.2-3,0.2,3,true,Niskin,WaSOP 1,MasterFlex L/S,2021-10-27,"BBEBB, freezer 12",-80,Xabier Lekube,https://orcid.org/0000-0002-1005-4593,Ibon Cancio,https://orcid.org/0000-0003-4841-0079,false,2022-01-17,2022-01-19,-70,2022-02-22,2022-02-23,,false,NA,NA,EMOBON_PiEGetxo_Wa_14
EMO BON PiEGetxo Wa 211027 0.2um (2),EMOBON metagenome water sample from station PiEGetxo collected on 2021-10-27 size fraction 0.2-3um,https://www.ncbi.nlm.nih.gov/taxonomy/browser/wwwtax.cgi?id=1874687,marine plankton metagenome,metagenome,seawater [ENVO:00002149]; coastal sea water [ENVO:00002150]; surface water [ENVO:00002042],2021-10-27,PiEGetxo_Wa_211027,Oihane Diaz de cerio,https://orcid.org/0000-0002-5605-8434,high_tide,,1,2,10,1,0.2-3,0.2,3,true,Niskin,WaSOP 1,MasterFlex L/S,2021-10-27,"BBEBB, freezer 12",-80,Xabier Lekube,https://orcid.org/0000-0002-1005-4593,Ibon Cancio,https://orcid.org/0000-0003-4841-0079,false,2022-01-17,2022-01-19,-70,2022-02-22,2022-02-23,,false,NA,NA,EMOBON_PiEGetxo_Wa_15
EMO BON PiEGetxo Wa 211027 3um (BLANK),EMOBON metagenome water sample from station PiEGetxo collected on 2021-10-27 size fraction 3-200um,https://www.ncbi.nlm.nih.gov/taxonomy/browser/wwwtax.cgi?id=1874687,marine plankton metagenome,metagenome,MilliQ water [ENVO:00003065],2021-10-27,PiEGetxo_Wa_211027,Oihane Diaz de cerio,https://orcid.org/0000-0002-5605-8434,no_tide,,NA,blank_1,NA,NA,3-200,3,200,true,NA,WaSOP 1,MasterFlex L/S,2021-10-27,"BBEBB, freezer 12",-80,Xabier Lekube,https://orcid.org/0000-0002-1005-4593,Ibon Cancio,https://orcid.org/0000-0003-4841-0079,true,NA,NA,NA,NA,NA,,NA,NA,NA,EMOBON_PiEGetxo_Wa_16
EMO BON PiEGetxo Wa 211027 0.2um (BLANK),EMOBON metagenome water sample from station PiEGetxo collected on 2021-10-27 size fraction 0.2-3um,https://www.ncbi.nlm.nih.gov/taxonomy/browser/wwwtax.cgi?id=1874687,marine plankton metagenome,metagenome,MilliQ water [ENVO:00003065],2021-10-27,PiEGetxo_Wa_211027,Oihane Diaz de cerio,https://orcid.org/0000-0002-5605-8434,no_tide,,NA,blank_1,NA,NA,0.2-3,0.2,3,true,NA,WaSOP 1,MasterFlex L/S,2021-10-27,"BBEBB, freezer 12",-80,Xabier Lekube,https://orcid.org/0000-0002-1005-4593,Ibon Cancio,https://orcid.org/0000-0003-4841-0079,true,NA,NA,NA,NA,NA,,NA,NA,NA,EMOBON_PiEGetxo_Wa_17
EMO BON PiEGetxo Wa 211027 3um (3),EMOBON metagenome water sample from station PiEGetxo collected on 2021-10-27 size fraction 3-200um,https://www.ncbi.nlm.nih.gov/taxonomy/browser/wwwtax.cgi?id=1874687,marine plankton metagenome,metagenome,seawater [ENVO:00002149]; coastal sea water [ENVO:00002150]; surface water [ENVO:00002042],2021-10-27,PiEGetxo_Wa_211027,Oihane Diaz de cerio,https://orcid.org/0000-0002-5605-8434,high_tide,,1,3,10,1,3-200,3,200,true,Niskin,WaSOP 1,MasterFlex L/S,2021-10-27,"BBEBB, freezer 12",-80,Xabier Lekube,https://orcid.org/0000-0002-1005-4593,Ibon Cancio,https://orcid.org/0000-0003-4841-0079,true,NA,NA,NA,NA,NA,,NA,NA,NA,EMOBON_PiEGetxo_Wa_18
EMO BON PiEGetxo Wa 211027 3um (4),EMOBON metagenome water sample from station PiEGetxo collected on 2021-10-27 size fraction 3-200um,https://www.ncbi.nlm.nih.gov/taxonomy/browser/wwwtax.cgi?id=1874687,marine plankton metagenome,metagenome,seawater [ENVO:00002149]; coastal sea water [ENVO:00002150]; surface water [ENVO:00002042],2021-10-27,PiEGetxo_Wa_211027,Oihane Diaz de cerio,https://orcid.org/0000-0002-5605-8434,high_tide,,1,4,10,1,3-200,3,200,true,Niskin,WaSOP 1,MasterFlex L/S,2021-10-27,"BBEBB, freezer 12",-80,Xabier Lekube,https://orcid.org/0000-0002-1005-4593,Ibon Cancio,https://orcid.org/0000-0003-4841-0079,true,NA,NA,NA,NA,NA,,NA,NA,NA,EMOBON_PiEGetxo_Wa_19
EMO BON PiEGetxo Wa 211027 0.2um (3),EMOBON metagenome water sample from station PiEGetxo collected on 2021-10-27 size fraction 0.2-3um,https://www.ncbi.nlm.nih.gov/taxonomy/browser/wwwtax.cgi?id=1874687,marine plankton metagenome,metagenome,seawater [ENVO:00002149]; coastal sea water [ENVO:00002150]; surface water [ENVO:00002042],2021-10-27,PiEGetxo_Wa_211027,Oihane Diaz de cerio,https://orcid.org/0000-0002-5605-8434,high_tide,,1,3,10,1,0.2-3,0.2,3,true,Niskin,WaSOP 1,MasterFlex L/S,2021-10-27,"BBEBB, freezer 12",-80,Xabier Lekube,https://orcid.org/0000-0002-1005-4593,Ibon Cancio,https://orcid.org/0000-0003-4841-0079,true,NA,NA,NA,NA,NA,,NA,NA,NA,EMOBON_PiEGetxo_Wa_20
EMO BON PiEGetxo Wa 211027 0.2um (4),EMOBON metagenome water sample from station PiEGetxo collected on 2021-10-27 size fraction 0.2-3um,https://www.ncbi.nlm.nih.gov/taxonomy/browser/wwwtax.cgi?id=1874687,marine plankton metagenome,metagenome,seawater [ENVO:00002149]; coastal sea water [ENVO:00002150]; surface water [ENVO:00002042],2021-10-27,PiEGetxo_Wa_211027,Oihane Diaz de cerio,https://orcid.org/0000-0002-5605-8434,high_tide,,1,4,10,1,0.2-3,0.2,3,true,Niskin,WaSOP 1,MasterFlex L/S,2021-10-27,"BBEBB, freezer 12",-80,Xabier Lekube,https://orcid.org/0000-0002-1005-4593,Ibon Cancio,https://orcid.org/0000-0003-4841-0079,true,NA,NA,NA,NA,NA,,NA,NA,NA,EMOBON_PiEGetxo_Wa_21
EMO BON PiEGetxo Wa 211027 3um (BLANK1),EMOBON metagenome water sample from station PiEGetxo collected on 2021-10-27 size fraction 3-200um,https://www.ncbi.nlm.nih.gov/taxonomy/browser/wwwtax.cgi?id=1874687,marine plankton metagenome,metagenome,MilliQ water [ENVO:00003065],2021-10-27,PiEGetxo_Wa_211027,Oihane Diaz de cerio,https://orcid.org/0000-0002-5605-8434,no_tide,,NA,blank_1,NA,NA,3-200,3,200,true,NA,WaSOP 1,MasterFlex L/S,2021-10-27,"BBEBB, freezer 12",-80,Xabier Lekube,https://orcid.org/0000-0002-1005-4593,Ibon Cancio,https://orcid.org/0000-0003-4841-0079,true,NA,NA,NA,NA,NA,,NA,NA,NA,EMOBON_PiEGetxo_Wa_22
EMO BON PiEGetxo Wa 211027 0.2um (BLANK1),EMOBON metagenome water sample from station PiEGetxo collected on 2021-10-27 size fraction 0.2-3um,https://www.ncbi.nlm.nih.gov/taxonomy/browser/wwwtax.cgi?id=1874687,marine plankton metagenome,metagenome,MilliQ water [ENVO:00003065],2021-10-27,PiEGetxo_Wa_211027,Oihane Diaz de cerio,https://orcid.org/0000-0002-5605-8434,no_tide,,NA,blank_1,NA,NA,0.2-3,0.2,3,true,NA,WaSOP 1,MasterFlex L/S,2021-10-27,"BBEBB, freezer 12",-80,Xabier Lekube,https://orcid.org/0000-0002-1005-4593,Ibon Cancio,https://orcid.org/0000-0003-4841-0079,true,NA,NA,NA,NA,NA,,NA,NA,NA,EMOBON_PiEGetxo_Wa_23
EMO BON PiEGetxo Wa 211027 20um (1),EMOBON metagenome water sample from station PiEGetxo collected on 2021-10-27 size fraction 20um,https://www.ncbi.nlm.nih.gov/taxonomy/browser/wwwtax.cgi?id=1874687,marine plankton metagenome,metagenome,seawater [ENVO:00002149]; coastal sea water [ENVO:00002150]; surface water [ENVO:00002042],2021-10-27,PiEGetxo_Wa_211027,Oihane Diaz de cerio,https://orcid.org/0000-0002-5605-8434,high_tide,,1,1,0.25,1,20,20,200,false,mesh,WaSOP 2,Millipore WP6122050,2021-10-27,"BBEBB, freezer 12",-80,Xabier Lekube,https://orcid.org/0000-0002-1005-4593,Ibon Cancio,https://orcid.org/0000-0003-4841-0079,true,NA,NA,NA,NA,NA,,NA,NA,NA,EMOBON_PiEGetxo_Wa_24
EMO BON PiEGetxo Wa 211027 20um (2),EMOBON metagenome water sample from station PiEGetxo collected on 2021-10-27 size fraction 20um,https://www.ncbi.nlm.nih.gov/taxonomy/browser/wwwtax.cgi?id=1874687,marine plankton metagenome,metagenome,seawater [ENVO:00002149]; coastal sea water [ENVO:00002150]; surface water [ENVO:00002042],2021-10-27,PiEGetxo_Wa_211027,Oihane Diaz de cerio,https://orcid.org/0000-0002-5605-8434,high_tide,,1,2,0.25,1,20,20,200,false,mesh,WaSOP 2,Millipore WP6122050,2021-10-27,"BBEBB, freezer 12",-80,Xabier Lekube,https://orcid.org/0000-0002-1005-4593,Ibon Cancio,https://orcid.org/0000-0003-4841-0079,true,NA,NA,NA,NA,NA,,NA,NA,NA,EMOBON_PiEGetxo_Wa_25
EMO BON PiEGetxo Wa 211027 20um (3),EMOBON metagenome water sample from station PiEGetxo collected on 2021-10-27 size fraction 20um,https://www.ncbi.nlm.nih.gov/taxonomy/browser/wwwtax.cgi?id=1874687,marine plankton metagenome,metagenome,seawater [ENVO:00002149]; coastal sea water [ENVO:00002150]; surface water [ENVO:00002042],2021-10-27,PiEGetxo_Wa_211027,Oihane Diaz de cerio,https://orcid.org/0000-0002-5605-8434,high_tide,,1,1,0.25,1,20,20,200,false,mesh,WaSOP 2,Millipore WP6122050,2021-10-27,"BBEBB, freezer 12",-80,Xabier Lekube,https://orcid.org/0000-0002-1005-4593,Ibon Cancio,https://orcid.org/0000-0003-4841-0079,true,NA,NA,NA,NA,NA,,NA,NA,NA,EMOBON_PiEGetxo_Wa_26
EMO BON PiEGetxo Wa 211027 20um (4),EMOBON metagenome water sample from station PiEGetxo collected on 2021-10-27 size fraction 20um,https://www.ncbi.nlm.nih.gov/taxonomy/browser/wwwtax.cgi?id=1874687,marine plankton metagenome,metagenome,seawater [ENVO:00002149]; coastal sea water [ENVO:00002150]; surface water [ENVO:00002042],2021-10-27,PiEGetxo_Wa_211027,Oihane Diaz de cerio,https://orcid.org/0000-0002-5605-8434,high_tide,,1,2,0.25,1,20,20,200,false,mesh,WaSOP 2,Millipore WP6122050,2021-10-27,"BBEBB, freezer 12",-80,Xabier Lekube,https://orcid.org/0000-0002-1005-4593,Ibon Cancio,https://orcid.org/0000-0003-4841-0079,true,NA,NA,NA,NA,NA,,NA,NA,NA,EMOBON_PiEGetxo_Wa_27
EMO BON PiEGetxo Wa 211027 20um (BLANK),EMOBON metagenome water sample from station PiEGetxo collected on 2021-10-27 size fraction 20um,https://www.ncbi.nlm.nih.gov/taxonomy/browser/wwwtax.cgi?id=1874687,marine plankton metagenome,metagenome,MilliQ water [ENVO:00003065],2021-10-27,PiEGetxo_Wa_211027,Oihane Diaz de cerio,https://orcid.org/0000-0002-5605-8434,no_tide,,NA,blank_1,NA,NA,20,20,200,false,mesh,WaSOP 2,Millipore WP6122050,2021-10-27,"BBEBB, freezer 12",-80,Xabier Lekube,https://orcid.org/0000-0002-1005-4593,Ibon Cancio,https://orcid.org/0000-0003-4841-0079,true,NA,NA,NA,NA,NA,,NA,NA,NA,EMOBON_PiEGetxo_Wa_28
EMO BON PiEGetxo Wa 211027 20um (BLANK1),EMOBON metagenome water sample from station PiEGetxo collected on 2021-10-27 size fraction 20um,https://www.ncbi.nlm.nih.gov/taxonomy/browser/wwwtax.cgi?id=1874687,marine plankton metagenome,metagenome,MilliQ water [ENVO:00003065],2021-10-27,PiEGetxo_Wa_211027,Oihane Diaz de cerio,https://orcid.org/0000-0002-5605-8434,no_tide,,NA,blank_1,NA,NA,20,20,200,false,mesh,WaSOP 2,Millipore WP6122050,2021-10-27,"BBEBB, freezer 12",-80,Xabier Lekube,https://orcid.org/0000-0002-1005-4593,Ibon Cancio,https://orcid.org/0000-0003-4841-0079,true,NA,NA,NA,NA,NA,,NA,NA,NA,EMOBON_PiEGetxo_Wa_29
EMO BON PiEGetxo Wa 211027 200um (1),EMOBON metagenome water sample from station PiEGetxo collected on 2021-10-27 size fraction 200um,https://www.ncbi.nlm.nih.gov/taxonomy/browser/wwwtax.cgi?id=1874687,marine plankton metagenome,metagenome,seawater [ENVO:00002149]; coastal sea water [ENVO:00002150]; surface water [ENVO:00002042],2021-10-27,PiEGetxo_Wa_211027,Oihane Diaz de cerio,https://orcid.org/0000-0002-5605-8434,high_tide,,1,1,0.25,1,200,200,500,false,mesh,WaSOP 2,Millipore WP6122050,2021-12-22,"BBEBB, freezer 12",-80,Xabier Lekube,https://orcid.org/0000-0002-1005-4593,Ibon Cancio,https://orcid.org/0000-0003-4841-0079,true,NA,NA,NA,NA,NA,,NA,NA,NA,EMOBON_PiEGetxo_Wa_30
EMO BON PiEGetxo Wa 211027 200um (2),EMOBON metagenome water sample from station PiEGetxo collected on 2021-10-27 size fraction 200um,https://www.ncbi.nlm.nih.gov/taxonomy/browser/wwwtax.cgi?id=1874687,marine plankton metagenome,metagenome,seawater [ENVO:00002149]; coastal sea water [ENVO:00002150]; surface water [ENVO:00002042],2021-10-27,PiEGetxo_Wa_211027,Oihane Diaz de cerio,https://orcid.org/0000-0002-5605-8434,high_tide,,1,2,0.25,1,200,200,500,false,mesh,WaSOP 2,Millipore WP6122050,2021-12-22,"BBEBB, freezer 12",-80,Xabier Lekube,https://orcid.org/0000-0002-1005-4593,Ibon Cancio,https://orcid.org/0000-0003-4841-0079,true,NA,NA,NA,NA,NA,,NA,NA,NA,EMOBON_PiEGetxo_Wa_31
EMO BON PiEGetxo Wa 211027 200um (3),EMOBON metagenome water sample from station PiEGetxo collected on 2021-10-27 size fraction 200um,https://www.ncbi.nlm.nih.gov/taxonomy/browser/wwwtax.cgi?id=1874687,marine plankton metagenome,metagenome,seawater [ENVO:00002149]; coastal sea water [ENVO:00002150]; surface water [ENVO:00002042],2021-10-27,PiEGetxo_Wa_211027,Oihane Diaz de cerio,https://orcid.org/0000-0002-5605-8434,high_tide,,1,1,0.25,1,200,200,500,false,mesh,WaSOP 2,Millipore WP6122050,2021-12-22,"BBEBB, freezer 12",-80,Xabier Lekube,https://orcid.org/0000-0002-1005-4593,Ibon Cancio,https://orcid.org/0000-0003-4841-0079,true,NA,NA,NA,NA,NA,,NA,NA,NA,EMOBON_PiEGetxo_Wa_32
EMO BON PiEGetxo Wa 211027 200um (4),EMOBON metagenome water sample from station PiEGetxo collected on 2021-10-27 size fraction 200um,https://www.ncbi.nlm.nih.gov/taxonomy/browser/wwwtax.cgi?id=1874687,marine plankton metagenome,metagenome,seawater [ENVO:00002149]; coastal sea water [ENVO:00002150]; surface water [ENVO:00002042],2021-10-27,PiEGetxo_Wa_211027,Oihane Diaz de cerio,https://orcid.org/0000-0002-5605-8434,high_tide,,1,2,0.25,1,200,200,500,false,mesh,WaSOP 2,Millipore WP6122050,2021-12-22,"BBEBB, freezer 12",-80,Xabier Lekube,https://orcid.org/0000-0002-1005-4593,Ibon Cancio,https://orcid.org/0000-0003-4841-0079,true,NA,NA,NA,NA,NA,,NA,NA,NA,EMOBON_PiEGetxo_Wa_33
EMO BON PiEGetxo Wa 211027 200um (BLANK),EMOBON metagenome water sample from station PiEGetxo collected on 2021-10-27 size fraction 200um,https://www.ncbi.nlm.nih.gov/taxonomy/browser/wwwtax.cgi?id=256318,metagenome,metagenome,MilliQ water [ENVO:00003065],2021-10-27,PiEGetxo_Wa_211027,Oihane Diaz de cerio,https://orcid.org/0000-0002-5605-8434,no_tide,,NA,blank_1,NA,NA,200,200,500,false,NA,WaSOP 2,Millipore WP6122050,2021-12-22,"BBEBB, freezer 12",-80,Xabier Lekube,https://orcid.org/0000-0002-1005-4593,Ibon Cancio,https://orcid.org/0000-0003-4841-0079,true,NA,NA,NA,NA,NA,,NA,NA,NA,EMOBON_PiEGetxo_Wa_34
EMO BON PiEGetxo Wa 211027 200um (BLANK1),EMOBON metagenome water sample from station PiEGetxo collected on 2021-10-27 size fraction 200um,https://www.ncbi.nlm.nih.gov/taxonomy/browser/wwwtax.cgi?id=256318,metagenome,metagenome,MilliQ water [ENVO:00003065],2021-10-27,PiEGetxo_Wa_211027,Oihane Diaz de cerio,https://orcid.org/0000-0002-5605-8434,no_tide,,NA,blank_1,NA,NA,200,200,500,false,NA,WaSOP 2,Millipore WP6122050,2021-12-22,"BBEBB, freezer 12",-80,Xabier Lekube,https://orcid.org/0000-0002-1005-4593,Ibon Cancio,https://orcid.org/0000-0003-4841-0079,true,NA,NA,NA,NA,NA,,NA,NA,NA,EMOBON_PiEGetxo_Wa_35
EMO BON PiEGetxo Wa 211222 20um (1),EMOBON metagenome water sample from station PiEGetxo collected on 2021-12-22 size fraction 20um,https://www.ncbi.nlm.nih.gov/taxonomy/browser/wwwtax.cgi?id=1874687,marine plankton metagenome,metagenome,seawater [ENVO:00002149]; coastal sea water [ENVO:00002150]; surface water [ENVO:00002042],2021-12-22,PiEGetxo_Wa_211222,Oihane Diaz de cerio,https://orcid.org/0000-0002-5605-8434,high_tide,,1,1,0.25,1,20,20,200,false,mesh,WaSOP 2,Millipore WP6122050,2021-12-22,"BBEBB, freezer 12",-80,Xabier Lekube,https://orcid.org/0000-0002-1005-4593,Ibon Cancio,https://orcid.org/0000-0003-4841-0079,true,NA,NA,NA,NA,NA,,NA,NA,NA,EMOBON_PiEGetxo_Wa_36
EMO BON PiEGetxo Wa 211222 20um (2),EMOBON metagenome water sample from station PiEGetxo collected on 2021-12-22 size fraction 20um,https://www.ncbi.nlm.nih.gov/taxonomy/browser/wwwtax.cgi?id=1874687,marine plankton metagenome,metagenome,seawater [ENVO:00002149]; coastal sea water [ENVO:00002150]; surface water [ENVO:00002042],2021-12-22,PiEGetxo_Wa_211222,Oihane Diaz de cerio,https://orcid.org/0000-0002-5605-8434,high_tide,,1,2,0.25,1,20,20,200,false,mesh,WaSOP 2,Millipore WP6122050,2021-12-22,"BBEBB, freezer 12",-80,Xabier Lekube,https://orcid.org/0000-0002-1005-4593,Ibon Cancio,https://orcid.org/0000-0003-4841-0079,true,NA,NA,NA,NA,NA,,NA,NA,NA,EMOBON_PiEGetxo_Wa_37
EMO BON PiEGetxo Wa 211222 20um (3),EMOBON metagenome water sample from station PiEGetxo collected on 2021-12-22 size fraction 20um,https://www.ncbi.nlm.nih.gov/taxonomy/browser/wwwtax.cgi?id=1874687,marine plankton metagenome,metagenome,seawater [ENVO:00002149]; coastal sea water [ENVO:00002150]; surface water [ENVO:00002042],2021-12-22,PiEGetxo_Wa_211222,Oihane Diaz de cerio,https://orcid.org/0000-0002-5605-8434,high_tide,,1,3,0.25,1,20,20,200,false,mesh,WaSOP 2,Millipore WP6122050,2021-12-22,"BBEBB, freezer 12",-80,Xabier Lekube,https://orcid.org/0000-0002-1005-4593,Ibon Cancio,https://orcid.org/0000-0003-4841-0079,true,NA,NA,NA,NA,NA,,NA,NA,NA,EMOBON_PiEGetxo_Wa_38
EMO BON PiEGetxo Wa 211222 20um (4),EMOBON metagenome water sample from station PiEGetxo collected on 2021-12-22 size fraction 20um,https://www.ncbi.nlm.nih.gov/taxonomy/browser/wwwtax.cgi?id=1874687,marine plankton metagenome,metagenome,seawater [ENVO:00002149]; coastal sea water [ENVO:00002150]; surface water [ENVO:00002042],2021-12-22,PiEGetxo_Wa_211222,Oihane Diaz de cerio,https://orcid.org/0000-0002-5605-8434,high_tide,,1,4,0.25,1,20,20,200,false,mesh,WaSOP 2,Millipore WP6122050,2021-12-22,"BBEBB, freezer 12",-80,Xabier Lekube,https://orcid.org/0000-0002-1005-4593,Ibon Cancio,https://orcid.org/0000-0003-4841-0079,true,NA,NA,NA,NA,NA,,NA,NA,NA,EMOBON_PiEGetxo_Wa_39
EMO BON PiEGetxo Wa 211222 20um (BLANK),EMOBON metagenome water sample from station PiEGetxo collected on 2021-12-22 size fraction 20um,https://www.ncbi.nlm.nih.gov/taxonomy/browser/wwwtax.cgi?id=256318,metagenome,metagenome,MilliQ water [ENVO:00003065],2021-12-22,PiEGetxo_Wa_211222,Oihane Diaz de cerio,https://orcid.org/0000-0002-5605-8434,no_tide,,NA,blank_1,NA,NA,20,20,200,false,NA,WaSOP 2,Millipore WP6122050,2021-12-22,"BBEBB, freezer 12",-80,Xabier Lekube,https://orcid.org/0000-0002-1005-4593,Ibon Cancio,https://orcid.org/0000-0003-4841-0079,true,NA,NA,NA,NA,NA,,NA,NA,NA,EMOBON_PiEGetxo_Wa_40
EMO BON PiEGetxo Wa 211222 20um (BLANK1),EMOBON metagenome water sample from station PiEGetxo collected on 2021-12-22 size fraction 20um,https://www.ncbi.nlm.nih.gov/taxonomy/browser/wwwtax.cgi?id=256318,metagenome,metagenome,MilliQ water [ENVO:00003065],2021-12-22,PiEGetxo_Wa_211222,Oihane Diaz de cerio,https://orcid.org/0000-0002-5605-8434,no_tide,,NA,blank_1,NA,NA,20,20,200,false,NA,WaSOP 2,Millipore WP6122050,2021-12-22,"BBEBB, freezer 12",-80,Xabier Lekube,https://orcid.org/0000-0002-1005-4593,Ibon Cancio,https://orcid.org/0000-0003-4841-0079,true,NA,NA,NA,NA,NA,,NA,NA,NA,EMOBON_PiEGetxo_Wa_41
EMO BON PiEGetxo Wa 211222 200um (1),EMOBON metagenome water sample from station PiEGetxo collected on 2021-12-22 size fraction 200um,https://www.ncbi.nlm.nih.gov/taxonomy/browser/wwwtax.cgi?id=1874687,marine plankton metagenome,metagenome,seawater [ENVO:00002149]; coastal sea water [ENVO:00002150]; surface water [ENVO:00002042],2021-12-22,PiEGetxo_Wa_211222,Oihane Diaz de cerio,https://orcid.org/0000-0002-5605-8434,high_tide,,1,1,0.25,1,200,200,500,false,mesh,WaSOP 2,Millipore WP6122050,2021-12-22,"BBEBB, freezer 12",-80,Xabier Lekube,https://orcid.org/0000-0002-1005-4593,Ibon Cancio,https://orcid.org/0000-0003-4841-0079,true,NA,NA,NA,NA,NA,,NA,NA,NA,EMOBON_PiEGetxo_Wa_42
EMO BON PiEGetxo Wa 211222 200um (2),EMOBON metagenome water sample from station PiEGetxo collected on 2021-12-22 size fraction 200um,https://www.ncbi.nlm.nih.gov/taxonomy/browser/wwwtax.cgi?id=1874687,marine plankton metagenome,metagenome,seawater [ENVO:00002149]; coastal sea water [ENVO:00002150]; surface water [ENVO:00002042],2021-12-22,PiEGetxo_Wa_211222,Oihane Diaz de cerio,https://orcid.org/0000-0002-5605-8434,high_tide,,1,2,0.25,1,200,200,500,false,mesh,WaSOP 2,Millipore WP6122050,2021-12-22,"BBEBB, freezer 12",-80,Xabier Lekube,https://orcid.org/0000-0002-1005-4593,Ibon Cancio,https://orcid.org/0000-0003-4841-0079,true,NA,NA,NA,NA,NA,,NA,NA,NA,EMOBON_PiEGetxo_Wa_43
EMO BON PiEGetxo Wa 211222 200um (3),EMOBON metagenome water sample from station PiEGetxo collected on 2021-12-22 size fraction 200um,https://www.ncbi.nlm.nih.gov/taxonomy/browser/wwwtax.cgi?id=1874687,marine plankton metagenome,metagenome,seawater [ENVO:00002149]; coastal sea water [ENVO:00002150]; surface water [ENVO:00002042],2021-12-22,PiEGetxo_Wa_211222,Oihane Diaz de cerio,https://orcid.org/0000-0002-5605-8434,high_tide,,1,3,0.25,1,200,200,500,false,mesh,WaSOP 2,Millipore WP6122050,2021-12-22,"BBEBB, freezer 12",-80,Xabier Lekube,https://orcid.org/0000-0002-1005-4593,Ibon Cancio,https://orcid.org/0000-0003-4841-0079,true,NA,NA,NA,NA,NA,,NA,NA,NA,EMOBON_PiEGetxo_Wa_44
EMO BON PiEGetxo Wa 211222 200um (4),EMOBON metagenome water sample from station PiEGetxo collected on 2021-12-22 size fraction 200um,https://www.ncbi.nlm.nih.gov/taxonomy/browser/wwwtax.cgi?id=1874687,marine plankton metagenome,metagenome,seawater [ENVO:00002149]; coastal sea water [ENVO:00002150]; surface water [ENVO:00002042],2021-12-22,PiEGetxo_Wa_211222,Oihane Diaz de cerio,https://orcid.org/0000-0002-5605-8434,high_tide,,1,4,0.25,1,200,200,500,false,mesh,WaSOP 2,Millipore WP6122050,2021-12-22,"BBEBB, freezer 12",-80,Xabier Lekube,https://orcid.org/0000-0002-1005-4593,Ibon Cancio,https://orcid.org/0000-0003-4841-0079,true,NA,NA,NA,NA,NA,,NA,NA,NA,EMOBON_PiEGetxo_Wa_45
EMO BON PiEGetxo Wa 211222 200um (BLANK),EMOBON metagenome water sample from station PiEGetxo collected on 2021-12-22 size fraction 200um,https://www.ncbi.nlm.nih.gov/taxonomy/browser/wwwtax.cgi?id=256318,metagenome,metagenome,MilliQ water [ENVO:00003065],2021-12-22,PiEGetxo_Wa_211222,Oihane Diaz de cerio,https://orcid.org/0000-0002-5605-8434,no_tide,,NA,blank_1,NA,NA,200,200,500,false,NA,WaSOP 2,Millipore WP6122050,2021-12-22,"BBEBB, freezer 12",-80,Xabier Lekube,https://orcid.org/0000-0002-1005-4593,Ibon Cancio,https://orcid.org/0000-0003-4841-0079,true,NA,NA,NA,NA,NA,,NA,NA,NA,EMOBON_PiEGetxo_Wa_46
EMO BON PiEGetxo Wa 211222 200um (BLANK1),EMOBON metagenome water sample from station PiEGetxo collected on 2021-12-22 size fraction 200um,https://www.ncbi.nlm.nih.gov/taxonomy/browser/wwwtax.cgi?id=256318,metagenome,metagenome,MilliQ water [ENVO:00003065],2021-12-22,PiEGetxo_Wa_211222,Oihane Diaz de cerio,https://orcid.org/0000-0002-5605-8434,no_tide,,NA,blank_1,NA,NA,200,200,500,false,NA,WaSOP 2,Millipore WP6122050,2021-12-22,"BBEBB, freezer 12",-80,Xabier Lekube,https://orcid.org/0000-0002-1005-4593,Ibon Cancio,https://orcid.org/0000-0003-4841-0079,true,NA,NA,NA,NA,NA,,NA,NA,NA,EMOBON_PiEGetxo_Wa_47
EMO BON PiEGetxo Wa  211222  3um (1),EMOBON metagenome water sample from station PiEGetxo collected on 2021-12-22 size fraction 3-200um,https://www.ncbi.nlm.nih.gov/taxonomy/browser/wwwtax.cgi?id=1874687,marine plankton metagenome,metagenome,seawater [ENVO:00002149]; coastal sea water [ENVO:00002150]; surface water [ENVO:00002042],2021-12-22,PiEGetxo_Wa_211222,Oihane Diaz de cerio,https://orcid.org/0000-0002-5605-8434,high_tide,,1,1,8.5,1,3-200,3,200,true,Niskin,WaSOP 1,MasterFlex L/S,2021-12-22,"BBEBB, freezer 12",-80,Xabier Lekube,https://orcid.org/0000-0002-1005-4593,Ibon Cancio,https://orcid.org/0000-0003-4841-0079,false,2022-01-17,2022-01-19,-70,2022-02-22,2022-02-23,,false,NA,NA,EMOBON_PiEGetxo_Wa_48
EMO BON PiEGetxo Wa  211222 3um (2),EMOBON metagenome water sample from station PiEGetxo collected on 2021-12-22 size fraction 3-200um,https://www.ncbi.nlm.nih.gov/taxonomy/browser/wwwtax.cgi?id=1874687,marine plankton metagenome,metagenome,seawater [ENVO:00002149]; coastal sea water [ENVO:00002150]; surface water [ENVO:00002042],2021-12-22,PiEGetxo_Wa_211222,Oihane Diaz de cerio,https://orcid.org/0000-0002-5605-8434,high_tide,,1,2,8.5,1,3-200,3,200,true,Niskin,WaSOP 1,MasterFlex L/S,2021-12-22,"BBEBB, freezer 12",-80,Xabier Lekube,https://orcid.org/0000-0002-1005-4593,Ibon Cancio,https://orcid.org/0000-0003-4841-0079,false,2022-01-17,2022-01-19,-70,2022-02-22,2022-02-23,,false,NA,NA,EMOBON_PiEGetxo_Wa_49
EMO BON PiEGetxo Wa  211222  0.2um (1),EMOBON metagenome water sample from station PiEGetxo collected on 2021-12-22 size fraction 0.2-3um,https://www.ncbi.nlm.nih.gov/taxonomy/browser/wwwtax.cgi?id=1874687,marine plankton metagenome,metagenome,seawater [ENVO:00002149]; coastal sea water [ENVO:00002150]; surface water [ENVO:00002042],2021-12-22,PiEGetxo_Wa_211222,Oihane Diaz de cerio,https://orcid.org/0000-0002-5605-8434,high_tide,,1,1,8.5,1,0.2-3,0.2,3,true,Niskin,WaSOP 1,MasterFlex L/S,2021-12-22,"BBEBB, freezer 12",-80,Xabier Lekube,https://orcid.org/0000-0002-1005-4593,Ibon Cancio,https://orcid.org/0000-0003-4841-0079,false,2022-01-17,2022-01-19,-70,2022-02-22,2022-02-23,,false,NA,NA,EMOBON_PiEGetxo_Wa_50
EMO BON PiEGetxo Wa  211222  0.2um (2),EMOBON metagenome water sample from station PiEGetxo collected on 2021-12-22 size fraction 0.2-3um,https://www.ncbi.nlm.nih.gov/taxonomy/browser/wwwtax.cgi?id=1874687,marine plankton metagenome,metagenome,seawater [ENVO:00002149]; coastal sea water [ENVO:00002150]; surface water [ENVO:00002042],2021-12-22,PiEGetxo_Wa_211222,Oihane Diaz de cerio,https://orcid.org/0000-0002-5605-8434,high_tide,,1,2,8.5,1,0.2-3,0.2,3,true,Niskin,WaSOP 1,MasterFlex L/S,2021-12-22,"BBEBB, freezer 12",-80,Xabier Lekube,https://orcid.org/0000-0002-1005-4593,Ibon Cancio,https://orcid.org/0000-0003-4841-0079,false,2022-01-17,2022-01-19,-70,2022-02-22,2022-02-23,,false,NA,NA,EMOBON_PiEGetxo_Wa_51
EMO BON PiEGetxo Wa  211222 3um (BLANK),EMOBON metagenome water sample from station PiEGetxo collected on 2021-12-22 size fraction 3-200um,https://www.ncbi.nlm.nih.gov/taxonomy/browser/wwwtax.cgi?id=256318,metagenome,metagenome,MilliQ water [ENVO:00003065],2021-12-22,PiEGetxo_Wa_211222,Oihane Diaz de cerio,https://orcid.org/0000-0002-5605-8434,no_tide,,NA,blank_1,NA,NA,3-200,3,200,true,NA,WaSOP 1,MasterFlex L/S,2021-12-22,"BBEBB, freezer 12",-80,Xabier Lekube,https://orcid.org/0000-0002-1005-4593,Ibon Cancio,https://orcid.org/0000-0003-4841-0079,true,NA,NA,NA,NA,NA,,NA,NA,NA,EMOBON_PiEGetxo_Wa_52
EMO BON PiEGetxo Wa  211222  0.2um (BLANK),EMOBON metagenome water sample from station PiEGetxo collected on 2021-12-22 size fraction 0.2-3um,https://www.ncbi.nlm.nih.gov/taxonomy/browser/wwwtax.cgi?id=256318,metagenome,metagenome,MilliQ water [ENVO:00003065],2021-12-22,PiEGetxo_Wa_211222,Oihane Diaz de cerio,https://orcid.org/0000-0002-5605-8434,no_tide,,NA,blank_1,NA,NA,0.2-3,0.2,3,true,NA,WaSOP 1,MasterFlex L/S,2021-12-22,"BBEBB, freezer 12",-80,Xabier Lekube,https://orcid.org/0000-0002-1005-4593,Ibon Cancio,https://orcid.org/0000-0003-4841-0079,true,NA,NA,NA,NA,NA,,NA,NA,NA,EMOBON_PiEGetxo_Wa_53
EMO BON PiEGetxo Wa  211222  3um (3),EMOBON metagenome water sample from station PiEGetxo collected on 2021-12-22 size fraction 3-200um,https://www.ncbi.nlm.nih.gov/taxonomy/browser/wwwtax.cgi?id=1874687,marine plankton metagenome,metagenome,seawater [ENVO:00002149]; coastal sea water [ENVO:00002150]; surface water [ENVO:00002042],2021-12-22,PiEGetxo_Wa_211222,Oihane Diaz de cerio,https://orcid.org/0000-0002-5605-8434,high_tide,,1,3,9,1,3-200,3,200,true,Niskin,WaSOP 1,MasterFlex L/S,2021-12-22,"BBEBB, freezer 12",-80,Xabier Lekube,https://orcid.org/0000-0002-1005-4593,Ibon Cancio,https://orcid.org/0000-0003-4841-0079,true,NA,NA,NA,NA,NA,,NA,NA,NA,EMOBON_PiEGetxo_Wa_54
EMO BON PiEGetxo Wa  211222  3um (4),EMOBON metagenome water sample from station PiEGetxo collected on 2021-12-22 size fraction 3-200um,https://www.ncbi.nlm.nih.gov/taxonomy/browser/wwwtax.cgi?id=1874687,marine plankton metagenome,metagenome,seawater [ENVO:00002149]; coastal sea water [ENVO:00002150]; surface water [ENVO:00002042],2021-12-22,PiEGetxo_Wa_211222,Oihane Diaz de cerio,https://orcid.org/0000-0002-5605-8434,high_tide,,1,4,9,1,3-200,3,200,true,Niskin,WaSOP 1,MasterFlex L/S,2021-12-22,"BBEBB, freezer 12",-80,Xabier Lekube,https://orcid.org/0000-0002-1005-4593,Ibon Cancio,https://orcid.org/0000-0003-4841-0079,true,NA,NA,NA,NA,NA,,NA,NA,NA,EMOBON_PiEGetxo_Wa_55
EMO BON PiEGetxo Wa  211222  0.2um (3),EMOBON metagenome water sample from station PiEGetxo collected on 2021-12-22 size fraction 0.2-3um,https://www.ncbi.nlm.nih.gov/taxonomy/browser/wwwtax.cgi?id=1874687,marine plankton metagenome,metagenome,seawater [ENVO:00002149]; coastal sea water [ENVO:00002150]; surface water [ENVO:00002042],2021-12-22,PiEGetxo_Wa_211222,Oihane Diaz de cerio,https://orcid.org/0000-0002-5605-8434,high_tide,,1,3,9,1,0.2-3,0.2,3,true,Niskin,WaSOP 1,MasterFlex L/S,2021-12-22,"BBEBB, freezer 12",-80,Xabier Lekube,https://orcid.org/0000-0002-1005-4593,Ibon Cancio,https://orcid.org/0000-0003-4841-0079,true,NA,NA,NA,NA,NA,,NA,NA,NA,EMOBON_PiEGetxo_Wa_56
EMO BON PiEGetxo Wa  211222  0.2um (4),EMOBON metagenome water sample from station PiEGetxo collected on 2021-12-22 size fraction 0.2-3um,https://www.ncbi.nlm.nih.gov/taxonomy/browser/wwwtax.cgi?id=1874687,marine plankton metagenome,metagenome,seawater [ENVO:00002149]; coastal sea water [ENVO:00002150]; surface water [ENVO:00002042],2021-12-22,PiEGetxo_Wa_211222,Oihane Diaz de cerio,https://orcid.org/0000-0002-5605-8434,high_tide,,1,4,9,1,0.2-3,0.2,3,true,Niskin,WaSOP 1,MasterFlex L/S,2021-12-22,"BBEBB, freezer 12",-80,Xabier Lekube,https://orcid.org/0000-0002-1005-4593,Ibon Cancio,https://orcid.org/0000-0003-4841-0079,true,NA,NA,NA,NA,NA,,NA,NA,NA,EMOBON_PiEGetxo_Wa_57
EMO BON PiEGetxo Wa  211222  3um (BLANK1),EMOBON metagenome water sample from station PiEGetxo collected on 2021-12-22 size fraction 3-200um,https://www.ncbi.nlm.nih.gov/taxonomy/browser/wwwtax.cgi?id=256318,metagenome,metagenome,MilliQ water [ENVO:00003065],2021-12-22,PiEGetxo_Wa_211222,Oihane Diaz de cerio,https://orcid.org/0000-0002-5605-8434,no_tide,,NA,blank_1,NA,NA,3-200,3,200,true,NA,WaSOP 1,MasterFlex L/S,2021-12-22,"BBEBB, freezer 12",-80,Xabier Lekube,https://orcid.org/0000-0002-1005-4593,Ibon Cancio,https://orcid.org/0000-0003-4841-0079,true,NA,NA,NA,NA,NA,,NA,NA,NA,EMOBON_PiEGetxo_Wa_58
EMO BON PiEGetxo Wa  211222  0.2um (BLANK1),EMOBON metagenome water sample from station PiEGetxo collected on 2021-12-22 size fraction 0.2-3um,https://www.ncbi.nlm.nih.gov/taxonomy/browser/wwwtax.cgi?id=256318,metagenome,metagenome,MilliQ water [ENVO:00003065],2021-12-22,PiEGetxo_Wa_211222,Oihane Diaz de cerio,https://orcid.org/0000-0002-5605-8434,no_tide,,NA,blank_1,NA,NA,0.2-3,0.2,3,true,NA,WaSOP 1,MasterFlex L/S,2021-12-22,"BBEBB, freezer 12",-80,Xabier Lekube,https://orcid.org/0000-0002-1005-4593,Ibon Cancio,https://orcid.org/0000-0003-4841-0079,true,NA,NA,NA,NA,NA,,NA,NA,NA,EMOBON_PiEGetxo_Wa_59
EMO BON PiEGetxo Wa 220221 3um (1),EMOBON metagenome water sample from station PiEGetxo collected on 2022-02-21 size fraction 3-200um,https://www.ncbi.nlm.nih.gov/taxonomy/browser/wwwtax.cgi?id=1874687,marine plankton metagenome,metagenome,seawater [ENVO:00002149]; coastal sea water [ENVO:00002150]; surface water [ENVO:00002042],2022-02-21,PiEGetxo_Wa_220221,Oihane Diaz de cerio,https://orcid.org/0000-0002-5605-8434,high_tide,,1,1,10,1,3-200,3,200,true,Niskin,WaSOP 1,MasterFlex L/S,2022-02-21,"BBEBB, freezer 12",-80,Xabier Lekube,https://orcid.org/0000-0002-1005-4593,Ibon Cancio,https://orcid.org/0000-0003-4841-0079,false,2022-10-17,2022-10-19,-70,2023-06-01,2023-06-01,,NA,NA,NA,EMOBON_PiEGetxo_Wa_60
EMO BON PiEGetxo Wa 220221 3um (2),EMOBON metagenome water sample from station PiEGetxo collected on 2022-02-21 size fraction 3-200um,https://www.ncbi.nlm.nih.gov/taxonomy/browser/wwwtax.cgi?id=1874687,marine plankton metagenome,metagenome,seawater [ENVO:00002149]; coastal sea water [ENVO:00002150]; surface water [ENVO:00002042],2022-02-21,PiEGetxo_Wa_220221,Oihane Diaz de cerio,https://orcid.org/0000-0002-5605-8434,high_tide,,1,2,10,1,3-200,3,200,true,Niskin,WaSOP 1,MasterFlex L/S,2022-02-21,"BBEBB, freezer 12",-80,Xabier Lekube,https://orcid.org/0000-0002-1005-4593,Ibon Cancio,https://orcid.org/0000-0003-4841-0079,false,2022-10-17,2022-10-19,-70,2023-06-01,2023-06-01,,NA,NA,NA,EMOBON_PiEGetxo_Wa_61
EMO BON PiEGetxo Wa 220221 0.2um (1),EMOBON metagenome water sample from station PiEGetxo collected on 2022-02-21 size fraction 0.2-3um,https://www.ncbi.nlm.nih.gov/taxonomy/browser/wwwtax.cgi?id=1874687,marine plankton metagenome,metagenome,seawater [ENVO:00002149]; coastal sea water [ENVO:00002150]; surface water [ENVO:00002042],2022-02-21,PiEGetxo_Wa_220221,Oihane Diaz de cerio,https://orcid.org/0000-0002-5605-8434,high_tide,,1,1,10,1,0.2-3,0.2,3,true,Niskin,WaSOP 1,MasterFlex L/S,2022-02-21,"BBEBB, freezer 12",-80,Xabier Lekube,https://orcid.org/0000-0002-1005-4593,Ibon Cancio,https://orcid.org/0000-0003-4841-0079,false,2022-10-17,2022-10-19,-70,2023-06-01,2023-06-01,,NA,NA,NA,EMOBON_PiEGetxo_Wa_62
EMO BON PiEGetxo Wa 220221 0.2um (2),EMOBON metagenome water sample from station PiEGetxo collected on 2022-02-21 size fraction 0.2-3um,https://www.ncbi.nlm.nih.gov/taxonomy/browser/wwwtax.cgi?id=1874687,marine plankton metagenome,metagenome,seawater [ENVO:00002149]; coastal sea water [ENVO:00002150]; surface water [ENVO:00002042],2022-02-21,PiEGetxo_Wa_220221,Oihane Diaz de cerio,https://orcid.org/0000-0002-5605-8434,high_tide,,1,2,10,1,0.2-3,0.2,3,true,Niskin,WaSOP 1,MasterFlex L/S,2022-02-21,"BBEBB, freezer 12",-80,Xabier Lekube,https://orcid.org/0000-0002-1005-4593,Ibon Cancio,https://orcid.org/0000-0003-4841-0079,false,2022-10-17,2022-10-19,-70,2023-06-01,2023-06-01,,NA,NA,NA,EMOBON_PiEGetxo_Wa_63
EMO BON PiEGetxo Wa 220221 3um (BLANK),EMOBON metagenome water sample from station PiEGetxo collected on 2022-02-21 size fraction 3-200um,https://www.ncbi.nlm.nih.gov/taxonomy/browser/wwwtax.cgi?id=256318,metagenome,metagenome,MilliQ water [ENVO:00003065],2022-02-21,PiEGetxo_Wa_220221,Oihane Diaz de cerio,https://orcid.org/0000-0002-5605-8434,no_tide,,NA,blank_1,NA,NA,3-200,3,200,true,NA,WaSOP 1,MasterFlex L/S,2022-02-21,"BBEBB, freezer 12",-80,Xabier Lekube,https://orcid.org/0000-0002-1005-4593,Ibon Cancio,https://orcid.org/0000-0003-4841-0079,true,NA,NA,NA,NA,NA,,NA,NA,NA,EMOBON_PiEGetxo_Wa_64
EMO BON PiEGetxo Wa 220221 0.2um (BLANK),EMOBON metagenome water sample from station PiEGetxo collected on 2022-02-21 size fraction 0.2-3um,https://www.ncbi.nlm.nih.gov/taxonomy/browser/wwwtax.cgi?id=256318,metagenome,metagenome,MilliQ water [ENVO:00003065],2022-02-21,PiEGetxo_Wa_220221,Oihane Diaz de cerio,https://orcid.org/0000-0002-5605-8434,no_tide,,NA,blank_1,NA,NA,0.2-3,0.2,3,true,NA,WaSOP 1,MasterFlex L/S,2022-02-21,"BBEBB, freezer 12",-80,Xabier Lekube,https://orcid.org/0000-0002-1005-4593,Ibon Cancio,https://orcid.org/0000-0003-4841-0079,true,NA,NA,NA,NA,NA,,NA,NA,NA,EMOBON_PiEGetxo_Wa_65
EMO BON PiEGetxo Wa 220221 3um (3),EMOBON metagenome water sample from station PiEGetxo collected on 2022-02-21 size fraction 3-200um,https://www.ncbi.nlm.nih.gov/taxonomy/browser/wwwtax.cgi?id=1874687,marine plankton metagenome,metagenome,seawater [ENVO:00002149]; coastal sea water [ENVO:00002150]; surface water [ENVO:00002042],2022-02-21,PiEGetxo_Wa_220221,Oihane Diaz de cerio,https://orcid.org/0000-0002-5605-8434,high_tide,,1,3,10,1,3-200,3,200,true,Niskin,WaSOP 1,MasterFlex L/S,2022-02-21,"BBEBB, freezer 12",-80,Xabier Lekube,https://orcid.org/0000-0002-1005-4593,Ibon Cancio,https://orcid.org/0000-0003-4841-0079,true,NA,NA,NA,NA,NA,,NA,NA,NA,EMOBON_PiEGetxo_Wa_66
EMO BON PiEGetxo Wa 220221 3um (4),EMOBON metagenome water sample from station PiEGetxo collected on 2022-02-21 size fraction 3-200um,https://www.ncbi.nlm.nih.gov/taxonomy/browser/wwwtax.cgi?id=1874687,marine plankton metagenome,metagenome,seawater [ENVO:00002149]; coastal sea water [ENVO:00002150]; surface water [ENVO:00002042],2022-02-21,PiEGetxo_Wa_220221,Oihane Diaz de cerio,https://orcid.org/0000-0002-5605-8434,high_tide,,1,4,10,1,3-200,3,200,true,Niskin,WaSOP 1,MasterFlex L/S,2022-02-21,"BBEBB, freezer 12",-80,Xabier Lekube,https://orcid.org/0000-0002-1005-4593,Ibon Cancio,https://orcid.org/0000-0003-4841-0079,true,NA,NA,NA,NA,NA,,NA,NA,NA,EMOBON_PiEGetxo_Wa_67
EMO BON PiEGetxo Wa 220221 0.2um (3),EMOBON metagenome water sample from station PiEGetxo collected on 2022-02-21 size fraction 0.2-3um,https://www.ncbi.nlm.nih.gov/taxonomy/browser/wwwtax.cgi?id=1874687,marine plankton metagenome,metagenome,seawater [ENVO:00002149]; coastal sea water [ENVO:00002150]; surface water [ENVO:00002042],2022-02-21,PiEGetxo_Wa_220221,Oihane Diaz de cerio,https://orcid.org/0000-0002-5605-8434,high_tide,,1,3,10,1,0.2-3,0.2,3,true,Niskin,WaSOP 1,MasterFlex L/S,2022-02-21,"BBEBB, freezer 12",-80,Xabier Lekube,https://orcid.org/0000-0002-1005-4593,Ibon Cancio,https://orcid.org/0000-0003-4841-0079,true,NA,NA,NA,NA,NA,,NA,NA,NA,EMOBON_PiEGetxo_Wa_68
EMO BON PiEGetxo Wa 220221 0.2um (4),EMOBON metagenome water sample from station PiEGetxo collected on 2022-02-21 size fraction 0.2-3um,https://www.ncbi.nlm.nih.gov/taxonomy/browser/wwwtax.cgi?id=1874687,marine plankton metagenome,metagenome,seawater [ENVO:00002149]; coastal sea water [ENVO:00002150]; surface water [ENVO:00002042],2022-02-21,PiEGetxo_Wa_220221,Oihane Diaz de cerio,https://orcid.org/0000-0002-5605-8434,high_tide,,1,4,10,1,0.2-3,0.2,3,true,Niskin,WaSOP 1,MasterFlex L/S,2022-02-21,"BBEBB, freezer 12",-80,Xabier Lekube,https://orcid.org/0000-0002-1005-4593,Ibon Cancio,https://orcid.org/0000-0003-4841-0079,true,NA,NA,NA,NA,NA,,NA,NA,NA,EMOBON_PiEGetxo_Wa_69
EMO BON PiEGetxo Wa 220221 3um (BLANK1),EMOBON metagenome water sample from station PiEGetxo collected on 2022-02-21 size fraction 3-200um,https://www.ncbi.nlm.nih.gov/taxonomy/browser/wwwtax.cgi?id=256318,metagenome,metagenome,MilliQ water [ENVO:00003065],2022-02-21,PiEGetxo_Wa_220221,Oihane Diaz de cerio,https://orcid.org/0000-0002-5605-8434,no_tide,,NA,blank_1,NA,NA,3-200,3,200,true,NA,WaSOP 1,MasterFlex L/S,2022-02-21,"BBEBB, freezer 12",-80,Xabier Lekube,https://orcid.org/0000-0002-1005-4593,Ibon Cancio,https://orcid.org/0000-0003-4841-0079,true,NA,NA,NA,NA,NA,,NA,NA,NA,EMOBON_PiEGetxo_Wa_70
EMO BON PiEGetxo Wa 220221 0.2um (BLANK1),EMOBON metagenome water sample from station PiEGetxo collected on 2022-02-21 size fraction 0.2-3um,https://www.ncbi.nlm.nih.gov/taxonomy/browser/wwwtax.cgi?id=256318,metagenome,metagenome,MilliQ water [ENVO:00003065],2022-02-21,PiEGetxo_Wa_220221,Oihane Diaz de cerio,https://orcid.org/0000-0002-5605-8434,no_tide,,NA,blank_1,NA,NA,0.2-3,0.2,3,true,NA,WaSOP 1,MasterFlex L/S,2022-02-21,"BBEBB, freezer 12",-80,Xabier Lekube,https://orcid.org/0000-0002-1005-4593,Ibon Cancio,https://orcid.org/0000-0003-4841-0079,true,NA,NA,NA,NA,NA,,NA,NA,NA,EMOBON_PiEGetxo_Wa_71
EMO BON PiEGetxo Wa 220425 3um (1),EMOBON metagenome water sample from station PiEGetxo collected on 2022-04-25 size fraction 3-200um,https://www.ncbi.nlm.nih.gov/taxonomy/browser/wwwtax.cgi?id=1874687,marine plankton metagenome,metagenome,seawater [ENVO:00002149]; coastal sea water [ENVO:00002150]; surface water [ENVO:00002042],2022-04-25,PiEGetxo_Wa_220425,Oihane Diaz de cerio,https://orcid.org/0000-0002-5605-8434,low_tide,,1,1,4,1,3-200,3,200,true,Niskin,WaSOP 1,MasterFlex L/S,2022-04-25,"BBEBB, freezer 12",-80,Xabier Lekube,https://orcid.org/0000-0002-1005-4593,Ibon Cancio,https://orcid.org/0000-0003-4841-0079,false,2022-10-17,2022-10-19,-70,2023-06-01,2023-06-01,,NA,NA,NA,EMOBON_PiEGetxo_Wa_72
EMO BON PiEGetxo Wa 220425 3um (2),EMOBON metagenome water sample from station PiEGetxo collected on 2022-04-25 size fraction 3-200um,https://www.ncbi.nlm.nih.gov/taxonomy/browser/wwwtax.cgi?id=1874687,marine plankton metagenome,metagenome,seawater [ENVO:00002149]; coastal sea water [ENVO:00002150]; surface water [ENVO:00002042],2022-04-25,PiEGetxo_Wa_220425,Oihane Diaz de cerio,https://orcid.org/0000-0002-5605-8434,low_tide,,1,2,4,1,3-200,3,200,true,Niskin,WaSOP 1,MasterFlex L/S,2022-04-25,"BBEBB, freezer 12",-80,Xabier Lekube,https://orcid.org/0000-0002-1005-4593,Ibon Cancio,https://orcid.org/0000-0003-4841-0079,false,2022-10-17,2022-10-19,-70,2023-06-01,2023-06-01,,NA,NA,NA,EMOBON_PiEGetxo_Wa_73
EMO BON PiEGetxo Wa 220425 0.2um (1),EMOBON metagenome water sample from station PiEGetxo collected on 2022-04-25 size fraction 0.2-3um,https://www.ncbi.nlm.nih.gov/taxonomy/browser/wwwtax.cgi?id=1874687,marine plankton metagenome,metagenome,seawater [ENVO:00002149]; coastal sea water [ENVO:00002150]; surface water [ENVO:00002042],2022-04-25,PiEGetxo_Wa_220425,Oihane Diaz de cerio,https://orcid.org/0000-0002-5605-8434,low_tide,,1,1,4,1,0.2-3,0.2,3,true,Niskin,WaSOP 1,MasterFlex L/S,2022-04-25,"BBEBB, freezer 12",-80,Xabier Lekube,https://orcid.org/0000-0002-1005-4593,Ibon Cancio,https://orcid.org/0000-0003-4841-0079,false,2022-10-17,2022-10-19,-70,2023-06-01,2023-06-01,,NA,NA,NA,EMOBON_PiEGetxo_Wa_74
EMO BON PiEGetxo Wa 220425 0.2um (2),EMOBON metagenome water sample from station PiEGetxo collected on 2022-04-25 size fraction 0.2-3um,https://www.ncbi.nlm.nih.gov/taxonomy/browser/wwwtax.cgi?id=1874687,marine plankton metagenome,metagenome,seawater [ENVO:00002149]; coastal sea water [ENVO:00002150]; surface water [ENVO:00002042],2022-04-25,PiEGetxo_Wa_220425,Oihane Diaz de cerio,https://orcid.org/0000-0002-5605-8434,low_tide,,1,2,4,1,0.2-3,0.2,3,true,Niskin,WaSOP 1,MasterFlex L/S,2022-04-25,"BBEBB, freezer 12",-80,Xabier Lekube,https://orcid.org/0000-0002-1005-4593,Ibon Cancio,https://orcid.org/0000-0003-4841-0079,false,2022-10-17,2022-10-19,-70,2023-06-01,2023-06-01,,NA,NA,NA,EMOBON_PiEGetxo_Wa_75
EMO BON PiEGetxo Wa 220425 3um (BLANK),EMOBON metagenome water sample from station PiEGetxo collected on 2022-04-25 size fraction 3-200um,https://www.ncbi.nlm.nih.gov/taxonomy/browser/wwwtax.cgi?id=256318,metagenome,metagenome,MilliQ water [ENVO:00003065],2022-04-25,PiEGetxo_Wa_220425,Oihane Diaz de cerio,https://orcid.org/0000-0002-5605-8434,no_tide,,NA,blank_1,NA,NA,3-200,3,200,true,NA,WaSOP 1,MasterFlex L/S,2022-04-25,"BBEBB, freezer 12",-80,Xabier Lekube,https://orcid.org/0000-0002-1005-4593,Ibon Cancio,https://orcid.org/0000-0003-4841-0079,false,2022-10-17,2022-10-19,-70,2023-06-01,2023-06-01,,NA,NA,NA,EMOBON_PiEGetxo_Wa_76
EMO BON PiEGetxo Wa 220425 0.2um (BLANK),EMOBON metagenome water sample from station PiEGetxo collected on 2022-04-25 size fraction 0.2-3um,https://www.ncbi.nlm.nih.gov/taxonomy/browser/wwwtax.cgi?id=256318,metagenome,metagenome,MilliQ water [ENVO:00003065],2022-04-25,PiEGetxo_Wa_220425,Oihane Diaz de cerio,https://orcid.org/0000-0002-5605-8434,no_tide,,NA,blank_1,NA,NA,0.2-3,0.2,3,true,NA,WaSOP 1,MasterFlex L/S,2022-04-25,"BBEBB, freezer 12",-80,Xabier Lekube,https://orcid.org/0000-0002-1005-4593,Ibon Cancio,https://orcid.org/0000-0003-4841-0079,false,2022-10-17,2022-10-19,-70,2023-06-01,2023-06-01,,NA,NA,NA,EMOBON_PiEGetxo_Wa_77
EMO BON PiEGetxo Wa 220425 3um (3),EMOBON metagenome water sample from station PiEGetxo collected on 2022-04-25 size fraction 3-200um,https://www.ncbi.nlm.nih.gov/taxonomy/browser/wwwtax.cgi?id=1874687,marine plankton metagenome,metagenome,seawater [ENVO:00002149]; coastal sea water [ENVO:00002150]; surface water [ENVO:00002042],2022-04-25,PiEGetxo_Wa_220425,Oihane Diaz de cerio,https://orcid.org/0000-0002-5605-8434,low_tide,,1,3,4,1,3-200,3,200,true,Niskin,WaSOP 1,MasterFlex L/S,2022-04-25,"BBEBB, freezer 12",-80,Xabier Lekube,https://orcid.org/0000-0002-1005-4593,Ibon Cancio,https://orcid.org/0000-0003-4841-0079,true,NA,NA,NA,NA,NA,,NA,NA,NA,EMOBON_PiEGetxo_Wa_78
EMO BON PiEGetxo Wa 220425 3um (4),EMOBON metagenome water sample from station PiEGetxo collected on 2022-04-25 size fraction 3-200um,https://www.ncbi.nlm.nih.gov/taxonomy/browser/wwwtax.cgi?id=1874687,marine plankton metagenome,metagenome,seawater [ENVO:00002149]; coastal sea water [ENVO:00002150]; surface water [ENVO:00002042],2022-04-25,PiEGetxo_Wa_220425,Oihane Diaz de cerio,https://orcid.org/0000-0002-5605-8434,low_tide,,1,4,4,1,3-200,3,200,true,Niskin,WaSOP 1,MasterFlex L/S,2022-04-25,"BBEBB, freezer 12",-80,Xabier Lekube,https://orcid.org/0000-0002-1005-4593,Ibon Cancio,https://orcid.org/0000-0003-4841-0079,true,NA,NA,NA,NA,NA,,NA,NA,NA,EMOBON_PiEGetxo_Wa_79
EMO BON PiEGetxo Wa 220425 0.2um (3),EMOBON metagenome water sample from station PiEGetxo collected on 2022-04-25 size fraction 0.2-3um,https://www.ncbi.nlm.nih.gov/taxonomy/browser/wwwtax.cgi?id=1874687,marine plankton metagenome,metagenome,seawater [ENVO:00002149]; coastal sea water [ENVO:00002150]; surface water [ENVO:00002042],2022-04-25,PiEGetxo_Wa_220425,Oihane Diaz de cerio,https://orcid.org/0000-0002-5605-8434,low_tide,,1,3,4,1,0.2-3,0.2,3,true,Niskin,WaSOP 1,MasterFlex L/S,2022-04-25,"BBEBB, freezer 12",-80,Xabier Lekube,https://orcid.org/0000-0002-1005-4593,Ibon Cancio,https://orcid.org/0000-0003-4841-0079,true,NA,NA,NA,NA,NA,,NA,NA,NA,EMOBON_PiEGetxo_Wa_80
EMO BON PiEGetxo Wa 220425 0.2um (4),EMOBON metagenome water sample from station PiEGetxo collected on 2022-04-25 size fraction 0.2-3um,https://www.ncbi.nlm.nih.gov/taxonomy/browser/wwwtax.cgi?id=1874687,marine plankton metagenome,metagenome,seawater [ENVO:00002149]; coastal sea water [ENVO:00002150]; surface water [ENVO:00002042],2022-04-25,PiEGetxo_Wa_220425,Oihane Diaz de cerio,https://orcid.org/0000-0002-5605-8434,low_tide,,1,4,4,1,0.2-3,0.2,3,true,Niskin,WaSOP 1,MasterFlex L/S,2022-04-25,"BBEBB, freezer 12",-80,Xabier Lekube,https://orcid.org/0000-0002-1005-4593,Ibon Cancio,https://orcid.org/0000-0003-4841-0079,true,NA,NA,NA,NA,NA,,NA,NA,NA,EMOBON_PiEGetxo_Wa_81
EMO BON PiEGetxo Wa 220425 3um (BLANK1),EMOBON metagenome water sample from station PiEGetxo collected on 2022-04-25 size fraction 3-200um,https://www.ncbi.nlm.nih.gov/taxonomy/browser/wwwtax.cgi?id=256318,metagenome,metagenome,MilliQ water [ENVO:00003065],2022-04-25,PiEGetxo_Wa_220425,Oihane Diaz de cerio,https://orcid.org/0000-0002-5605-8434,no_tide,,NA,blank_1,NA,NA,3-200,3,200,true,NA,WaSOP 1,MasterFlex L/S,2022-04-25,"BBEBB, freezer 12",-80,Xabier Lekube,https://orcid.org/0000-0002-1005-4593,Ibon Cancio,https://orcid.org/0000-0003-4841-0079,true,NA,NA,NA,NA,NA,,NA,NA,NA,EMOBON_PiEGetxo_Wa_82
EMO BON PiEGetxo Wa 220425 0.2um (BLANK1),EMOBON metagenome water sample from station PiEGetxo collected on 2022-04-25 size fraction 0.2-3um,https://www.ncbi.nlm.nih.gov/taxonomy/browser/wwwtax.cgi?id=256318,metagenome,metagenome,MilliQ water [ENVO:00003065],2022-04-25,PiEGetxo_Wa_220425,Oihane Diaz de cerio,https://orcid.org/0000-0002-5605-8434,no_tide,,NA,blank_1,NA,NA,0.2-3,0.2,3,true,NA,WaSOP 1,MasterFlex L/S,2022-04-25,"BBEBB, freezer 12",-80,Xabier Lekube,https://orcid.org/0000-0002-1005-4593,Ibon Cancio,https://orcid.org/0000-0003-4841-0079,true,NA,NA,NA,NA,NA,,NA,NA,NA,EMOBON_PiEGetxo_Wa_83
EMO BON PiEGetxo Wa 220622 3um (1),EMOBON metagenome water sample from station PiEGetxo collected on 2022-06-22 size fraction 3-200um,https://www.ncbi.nlm.nih.gov/taxonomy/browser/wwwtax.cgi?id=1874687,marine plankton metagenome,metagenome,seawater [ENVO:00002149]; coastal sea water [ENVO:00002150]; surface water [ENVO:00002042],2022-06-22,PiEGetxo_Wa_220622,Oihane Diaz de cerio,https://orcid.org/0000-0002-5605-8434,high_tide,,1,1,5,1,3-200,3,200,true,Niskin,WaSOP 1,MasterFlex L/S,2022-06-22,"BBEBB, freezer 12",-80,Xabier Lekube,https://orcid.org/0000-0002-1005-4593,Ibon Cancio,https://orcid.org/0000-0003-4841-0079,false,2022-10-17,2022-10-19,-70,2023-06-01,2023-06-01,,NA,NA,NA,EMOBON_PiEGetxo_Wa_84
EMO BON PiEGetxo Wa 220622 3um (2),EMOBON metagenome water sample from station PiEGetxo collected on 2022-06-22 size fraction 3-200um,https://www.ncbi.nlm.nih.gov/taxonomy/browser/wwwtax.cgi?id=1874687,marine plankton metagenome,metagenome,seawater [ENVO:00002149]; coastal sea water [ENVO:00002150]; surface water [ENVO:00002042],2022-06-22,PiEGetxo_Wa_220622,Oihane Diaz de cerio,https://orcid.org/0000-0002-5605-8434,high_tide,,1,2,5,1,3-200,3,200,true,Niskin,WaSOP 1,MasterFlex L/S,2022-06-22,"BBEBB, freezer 12",-80,Xabier Lekube,https://orcid.org/0000-0002-1005-4593,Ibon Cancio,https://orcid.org/0000-0003-4841-0079,false,2022-10-17,2022-10-19,-70,2023-06-01,2023-06-01,,NA,NA,NA,EMOBON_PiEGetxo_Wa_85
EMO BON PiEGetxo Wa 220622 0.2um (1),EMOBON metagenome water sample from station PiEGetxo collected on 2022-06-22 size fraction 0.2-3um,https://www.ncbi.nlm.nih.gov/taxonomy/browser/wwwtax.cgi?id=1874687,marine plankton metagenome,metagenome,seawater [ENVO:00002149]; coastal sea water [ENVO:00002150]; surface water [ENVO:00002042],2022-06-22,PiEGetxo_Wa_220622,Oihane Diaz de cerio,https://orcid.org/0000-0002-5605-8434,high_tide,,1,1,5,1,0.2-3,0.2,3,true,Niskin,WaSOP 1,MasterFlex L/S,2022-06-22,"BBEBB, freezer 12",-80,Xabier Lekube,https://orcid.org/0000-0002-1005-4593,Ibon Cancio,https://orcid.org/0000-0003-4841-0079,false,2022-10-17,2022-10-19,-70,2023-06-01,2023-06-01,,NA,NA,NA,EMOBON_PiEGetxo_Wa_86
EMO BON PiEGetxo Wa 220622 0.2um (2),EMOBON metagenome water sample from station PiEGetxo collected on 2022-06-22 size fraction 0.2-3um,https://www.ncbi.nlm.nih.gov/taxonomy/browser/wwwtax.cgi?id=1874687,marine plankton metagenome,metagenome,seawater [ENVO:00002149]; coastal sea water [ENVO:00002150]; surface water [ENVO:00002042],2022-06-22,PiEGetxo_Wa_220622,Oihane Diaz de cerio,https://orcid.org/0000-0002-5605-8434,high_tide,,1,2,5,1,0.2-3,0.2,3,true,Niskin,WaSOP 1,MasterFlex L/S,2022-06-22,"BBEBB, freezer 12",-80,Xabier Lekube,https://orcid.org/0000-0002-1005-4593,Ibon Cancio,https://orcid.org/0000-0003-4841-0079,false,2022-10-17,2022-10-19,-70,2023-06-01,2023-06-01,,NA,NA,NA,EMOBON_PiEGetxo_Wa_87
EMO BON PiEGetxo Wa 220622 3um (BLANK),EMOBON metagenome water sample from station PiEGetxo collected on 2022-06-22 size fraction 3-200um,https://www.ncbi.nlm.nih.gov/taxonomy/browser/wwwtax.cgi?id=256318,metagenome,metagenome,MilliQ water [ENVO:00003065],2022-06-22,PiEGetxo_Wa_220622,Oihane Diaz de cerio,https://orcid.org/0000-0002-5605-8434,no_tide,,NA,blank_1,NA,NA,3-200,3,200,true,NA,WaSOP 1,MasterFlex L/S,2022-06-22,"BBEBB, freezer 12",-80,Xabier Lekube,https://orcid.org/0000-0002-1005-4593,Ibon Cancio,https://orcid.org/0000-0003-4841-0079,true,NA,NA,NA,NA,NA,,NA,NA,NA,EMOBON_PiEGetxo_Wa_88
EMO BON PiEGetxo Wa 220622 0.2um (BLANK),EMOBON metagenome water sample from station PiEGetxo collected on 2022-06-22 size fraction 0.2-3um,https://www.ncbi.nlm.nih.gov/taxonomy/browser/wwwtax.cgi?id=256318,metagenome,metagenome,MilliQ water [ENVO:00003065],2022-06-22,PiEGetxo_Wa_220622,Oihane Diaz de cerio,https://orcid.org/0000-0002-5605-8434,no_tide,,NA,blank_1,NA,NA,0.2-3,0.2,3,true,NA,WaSOP 1,MasterFlex L/S,2022-06-22,"BBEBB, freezer 12",-80,Xabier Lekube,https://orcid.org/0000-0002-1005-4593,Ibon Cancio,https://orcid.org/0000-0003-4841-0079,true,NA,NA,NA,NA,NA,,NA,NA,NA,EMOBON_PiEGetxo_Wa_89
EMO BON PiEGetxo Wa 220622 3um (3),EMOBON metagenome water sample from station PiEGetxo collected on 2022-06-22 size fraction 3-200um,https://www.ncbi.nlm.nih.gov/taxonomy/browser/wwwtax.cgi?id=1874687,marine plankton metagenome,metagenome,seawater [ENVO:00002149]; coastal sea water [ENVO:00002150]; surface water [ENVO:00002042],2022-06-22,PiEGetxo_Wa_220622,Oihane Diaz de cerio,https://orcid.org/0000-0002-5605-8434,high_tide,,1,3,5,1,3-200,3,200,true,Niskin,WaSOP 1,MasterFlex L/S,2022-06-22,"BBEBB, freezer 12",-80,Xabier Lekube,https://orcid.org/0000-0002-1005-4593,Ibon Cancio,https://orcid.org/0000-0003-4841-0079,true,NA,NA,NA,NA,NA,,NA,NA,NA,EMOBON_PiEGetxo_Wa_90
EMO BON PiEGetxo Wa 220622 3um (4),EMOBON metagenome water sample from station PiEGetxo collected on 2022-06-22 size fraction 3-200um,https://www.ncbi.nlm.nih.gov/taxonomy/browser/wwwtax.cgi?id=1874687,marine plankton metagenome,metagenome,seawater [ENVO:00002149]; coastal sea water [ENVO:00002150]; surface water [ENVO:00002042],2022-06-22,PiEGetxo_Wa_220622,Oihane Diaz de cerio,https://orcid.org/0000-0002-5605-8434,high_tide,,1,4,5,1,3-200,3,200,true,Niskin,WaSOP 1,MasterFlex L/S,2022-06-22,"BBEBB, freezer 12",-80,Xabier Lekube,https://orcid.org/0000-0002-1005-4593,Ibon Cancio,https://orcid.org/0000-0003-4841-0079,true,NA,NA,NA,NA,NA,,NA,NA,NA,EMOBON_PiEGetxo_Wa_91
EMO BON PiEGetxo Wa 220622 0.2um (3),EMOBON metagenome water sample from station PiEGetxo collected on 2022-06-22 size fraction 0.2-3um,https://www.ncbi.nlm.nih.gov/taxonomy/browser/wwwtax.cgi?id=1874687,marine plankton metagenome,metagenome,seawater [ENVO:00002149]; coastal sea water [ENVO:00002150]; surface water [ENVO:00002042],2022-06-22,PiEGetxo_Wa_220622,Oihane Diaz de cerio,https://orcid.org/0000-0002-5605-8434,high_tide,,1,3,5,1,0.2-3,0.2,3,true,Niskin,WaSOP 1,MasterFlex L/S,2022-06-22,"BBEBB, freezer 12",-80,Xabier Lekube,https://orcid.org/0000-0002-1005-4593,Ibon Cancio,https://orcid.org/0000-0003-4841-0079,true,NA,NA,NA,NA,NA,,NA,NA,NA,EMOBON_PiEGetxo_Wa_92
EMO BON PiEGetxo Wa 220622 0.2um (4),EMOBON metagenome water sample from station PiEGetxo collected on 2022-06-22 size fraction 0.2-3um,https://www.ncbi.nlm.nih.gov/taxonomy/browser/wwwtax.cgi?id=1874687,marine plankton metagenome,metagenome,seawater [ENVO:00002149]; coastal sea water [ENVO:00002150]; surface water [ENVO:00002042],2022-06-22,PiEGetxo_Wa_220622,Oihane Diaz de cerio,https://orcid.org/0000-0002-5605-8434,high_tide,,1,4,5,1,0.2-3,0.2,3,true,Niskin,WaSOP 1,MasterFlex L/S,2022-06-22,"BBEBB, freezer 12",-80,Xabier Lekube,https://orcid.org/0000-0002-1005-4593,Ibon Cancio,https://orcid.org/0000-0003-4841-0079,true,NA,NA,NA,NA,NA,,NA,NA,NA,EMOBON_PiEGetxo_Wa_93
EMO BON PiEGetxo Wa 220622 3um (BLANK1),EMOBON metagenome water sample from station PiEGetxo collected on 2022-06-22 size fraction 3-200um,https://www.ncbi.nlm.nih.gov/taxonomy/browser/wwwtax.cgi?id=256318,metagenome,metagenome,MilliQ water [ENVO:00003065],2022-06-22,PiEGetxo_Wa_220622,Oihane Diaz de cerio,https://orcid.org/0000-0002-5605-8434,no_tide,,NA,blank_1,NA,NA,3-200,3,200,true,NA,WaSOP 1,MasterFlex L/S,2022-06-22,"BBEBB, freezer 12",-80,Xabier Lekube,https://orcid.org/0000-0002-1005-4593,Ibon Cancio,https://orcid.org/0000-0003-4841-0079,true,NA,NA,NA,NA,NA,,NA,NA,NA,EMOBON_PiEGetxo_Wa_94
EMO BON PiEGetxo Wa 220622 0.2um (BLANK1),EMOBON metagenome water sample from station PiEGetxo collected on 2022-06-22 size fraction 0.2-3um,https://www.ncbi.nlm.nih.gov/taxonomy/browser/wwwtax.cgi?id=256318,metagenome,metagenome,MilliQ water [ENVO:00003065],2022-06-22,PiEGetxo_Wa_220622,Oihane Diaz de cerio,https://orcid.org/0000-0002-5605-8434,no_tide,,NA,blank_1,NA,NA,0.2-3,0.2,3,true,NA,WaSOP 1,MasterFlex L/S,2022-06-22,"BBEBB, freezer 12",-80,Xabier Lekube,https://orcid.org/0000-0002-1005-4593,Ibon Cancio,https://orcid.org/0000-0003-4841-0079,true,NA,NA,NA,NA,NA,,NA,NA,NA,EMOBON_PiEGetxo_Wa_95
EMO BON PiEGetxo Wa 220823 3um (1),EMOBON metagenome water sample from station PiEGetxo collected on 2022-08-23 size fraction 3-200um,https://www.ncbi.nlm.nih.gov/taxonomy/browser/wwwtax.cgi?id=1874687,marine plankton metagenome,metagenome,seawater [ENVO:00002149]; coastal sea water [ENVO:00002150]; surface water [ENVO:00002042],2022-08-23,PiEGetxo_Wa_220823,Ibon Cancio Uriarte,https://orcid.org/0000-0003-4841-0079,high_tide,,1,1,6,1,3-200,3,200,true,Niskin,WaSOP 1,MasterFlex L/S,2022-08-23,"BBEBB, freezer 12",-80,Xabier Lekube,https://orcid.org/0000-0002-1005-4593,Ibon Cancio,https://orcid.org/0000-0003-4841-0079,false,2022-10-17,2022-10-19,-70,2023-06-01,2023-06-01,,NA,NA,NA,EMOBON_PiEGetxo_Wa_96
EMO BON PiEGetxo Wa  220823 3um (2),EMOBON metagenome water sample from station PiEGetxo collected on 2022-08-23 size fraction 3-200um,https://www.ncbi.nlm.nih.gov/taxonomy/browser/wwwtax.cgi?id=1874687,marine plankton metagenome,metagenome,seawater [ENVO:00002149]; coastal sea water [ENVO:00002150]; surface water [ENVO:00002042],2022-08-23,PiEGetxo_Wa_220823,Ibon Cancio Uriarte,https://orcid.org/0000-0003-4841-0079,high_tide,,1,2,6,1,3-200,3,200,true,Niskin,WaSOP 1,MasterFlex L/S,2022-08-23,"BBEBB, freezer 12",-80,Xabier Lekube,https://orcid.org/0000-0002-1005-4593,Ibon Cancio,https://orcid.org/0000-0003-4841-0079,false,2022-10-17,2022-10-19,-70,2023-06-01,2023-06-01,,NA,NA,NA,EMOBON_PiEGetxo_Wa_97
EMO BON PiEGetxo Wa  220823 0.2um (1),EMOBON metagenome water sample from station PiEGetxo collected on 2022-08-23 size fraction 0.2-3um,https://www.ncbi.nlm.nih.gov/taxonomy/browser/wwwtax.cgi?id=1874687,marine plankton metagenome,metagenome,seawater [ENVO:00002149]; coastal sea water [ENVO:00002150]; surface water [ENVO:00002042],2022-08-23,PiEGetxo_Wa_220823,Ibon Cancio Uriarte,https://orcid.org/0000-0003-4841-0079,high_tide,,1,1,6,1,0.2-3,0.2,3,true,Niskin,WaSOP 1,MasterFlex L/S,2022-08-23,"BBEBB, freezer 12",-80,Xabier Lekube,https://orcid.org/0000-0002-1005-4593,Ibon Cancio,https://orcid.org/0000-0003-4841-0079,false,2022-10-17,2022-10-19,-70,2023-06-01,2023-06-01,,NA,NA,NA,EMOBON_PiEGetxo_Wa_98
EMO BON PiEGetxo Wa  220823 0.2um (2),EMOBON metagenome water sample from station PiEGetxo collected on 2022-08-23 size fraction 0.2-3um,https://www.ncbi.nlm.nih.gov/taxonomy/browser/wwwtax.cgi?id=1874687,marine plankton metagenome,metagenome,seawater [ENVO:00002149]; coastal sea water [ENVO:00002150]; surface water [ENVO:00002042],2022-08-23,PiEGetxo_Wa_220823,Ibon Cancio Uriarte,https://orcid.org/0000-0003-4841-0079,high_tide,,1,2,6,1,0.2-3,0.2,3,true,Niskin,WaSOP 1,MasterFlex L/S,2022-08-23,"BBEBB, freezer 12",-80,Xabier Lekube,https://orcid.org/0000-0002-1005-4593,Ibon Cancio,https://orcid.org/0000-0003-4841-0079,false,2022-10-17,2022-10-19,-70,2023-06-01,2023-06-01,,NA,NA,NA,EMOBON_PiEGetxo_Wa_99
EMO BON PiEGetxo Wa  220823 3um (BLANK),EMOBON metagenome water sample from station PiEGetxo collected on 2022-08-23 size fraction 3-200um,https://www.ncbi.nlm.nih.gov/taxonomy/browser/wwwtax.cgi?id=256318,metagenome,metagenome,MilliQ water [ENVO:00003065],2022-08-23,PiEGetxo_Wa_220823,Ibon Cancio Uriarte,https://orcid.org/0000-0003-4841-0079,no_tide,,NA,blank_1,NA,NA,3-200,3,200,true,NA,WaSOP 1,MasterFlex L/S,2022-08-23,"BBEBB, freezer 12",-80,Xabier Lekube,https://orcid.org/0000-0002-1005-4593,Ibon Cancio,https://orcid.org/0000-0003-4841-0079,true,NA,NA,NA,NA,NA,,NA,NA,NA,EMOBON_PiEGetxo_Wa_100
EMO BON PiEGetxo Wa  220823 0.2um (BLANK),EMOBON metagenome water sample from station PiEGetxo collected on 2022-08-23 size fraction 0.2-3um,https://www.ncbi.nlm.nih.gov/taxonomy/browser/wwwtax.cgi?id=256318,metagenome,metagenome,MilliQ water [ENVO:00003065],2022-08-23,PiEGetxo_Wa_220823,Ibon Cancio Uriarte,https://orcid.org/0000-0003-4841-0079,no_tide,,NA,blank_1,NA,NA,0.2-3,0.2,3,true,NA,WaSOP 1,MasterFlex L/S,2022-08-23,"BBEBB, freezer 12",-80,Xabier Lekube,https://orcid.org/0000-0002-1005-4593,Ibon Cancio,https://orcid.org/0000-0003-4841-0079,true,NA,NA,NA,NA,NA,,NA,NA,NA,EMOBON_PiEGetxo_Wa_101
EMO BON PiEGetxo Wa  220823 3um (3),EMOBON metagenome water sample from station PiEGetxo collected on 2022-08-23 size fraction 3-200um,https://www.ncbi.nlm.nih.gov/taxonomy/browser/wwwtax.cgi?id=1874687,marine plankton metagenome,metagenome,seawater [ENVO:00002149]; coastal sea water [ENVO:00002150]; surface water [ENVO:00002042],2022-08-23,PiEGetxo_Wa_220823,Ibon Cancio Uriarte,https://orcid.org/0000-0003-4841-0079,high_tide,,1,3,6,1,3-200,3,200,true,Niskin,WaSOP 1,MasterFlex L/S,2022-08-23,"BBEBB, freezer 12",-80,Xabier Lekube,https://orcid.org/0000-0002-1005-4593,Ibon Cancio,https://orcid.org/0000-0003-4841-0079,true,NA,NA,NA,NA,NA,,NA,NA,NA,EMOBON_PiEGetxo_Wa_102
EMO BON PiEGetxo Wa  220823 3um (4),EMOBON metagenome water sample from station PiEGetxo collected on 2022-08-23 size fraction 3-200um,https://www.ncbi.nlm.nih.gov/taxonomy/browser/wwwtax.cgi?id=1874687,marine plankton metagenome,metagenome,seawater [ENVO:00002149]; coastal sea water [ENVO:00002150]; surface water [ENVO:00002042],2022-08-23,PiEGetxo_Wa_220823,Ibon Cancio Uriarte,https://orcid.org/0000-0003-4841-0079,high_tide,,1,4,6,1,3-200,3,200,true,Niskin,WaSOP 1,MasterFlex L/S,2022-08-23,"BBEBB, freezer 12",-80,Xabier Lekube,https://orcid.org/0000-0002-1005-4593,Ibon Cancio,https://orcid.org/0000-0003-4841-0079,true,NA,NA,NA,NA,NA,,NA,NA,NA,EMOBON_PiEGetxo_Wa_103
EMO BON PiEGetxo Wa  220823 0.2um (3),EMOBON metagenome water sample from station PiEGetxo collected on 2022-08-23 size fraction 0.2-3um,https://www.ncbi.nlm.nih.gov/taxonomy/browser/wwwtax.cgi?id=1874687,marine plankton metagenome,metagenome,seawater [ENVO:00002149]; coastal sea water [ENVO:00002150]; surface water [ENVO:00002042],2022-08-23,PiEGetxo_Wa_220823,Ibon Cancio Uriarte,https://orcid.org/0000-0003-4841-0079,high_tide,,1,3,6,1,0.2-3,0.2,3,true,Niskin,WaSOP 1,MasterFlex L/S,2022-08-23,"BBEBB, freezer 12",-80,Xabier Lekube,https://orcid.org/0000-0002-1005-4593,Ibon Cancio,https://orcid.org/0000-0003-4841-0079,true,NA,NA,NA,NA,NA,,NA,NA,NA,EMOBON_PiEGetxo_Wa_104
EMO BON PiEGetxo Wa  220823 0.2um (4),EMOBON metagenome water sample from station PiEGetxo collected on 2022-08-23 size fraction 0.2-3um,https://www.ncbi.nlm.nih.gov/taxonomy/browser/wwwtax.cgi?id=1874687,marine plankton metagenome,metagenome,seawater [ENVO:00002149]; coastal sea water [ENVO:00002150]; surface water [ENVO:00002042],2022-08-23,PiEGetxo_Wa_220823,Ibon Cancio Uriarte,https://orcid.org/0000-0003-4841-0079,high_tide,,1,4,6,1,0.2-3,0.2,3,true,Niskin,WaSOP 1,MasterFlex L/S,2022-08-23,"BBEBB, freezer 12",-80,Xabier Lekube,https://orcid.org/0000-0002-1005-4593,Ibon Cancio,https://orcid.org/0000-0003-4841-0079,true,NA,NA,NA,NA,NA,,NA,NA,NA,EMOBON_PiEGetxo_Wa_105
EMO BON PiEGetxo Wa  220823 3um (BLANK1),EMOBON metagenome water sample from station PiEGetxo collected on 2022-08-23 size fraction 3-200um,https://www.ncbi.nlm.nih.gov/taxonomy/browser/wwwtax.cgi?id=256318,metagenome,metagenome,MilliQ water [ENVO:00003065],2022-08-23,PiEGetxo_Wa_220823,Ibon Cancio Uriarte,https://orcid.org/0000-0003-4841-0079,no_tide,,NA,blank_1,NA,NA,3-200,3,200,true,NA,WaSOP 1,MasterFlex L/S,2022-08-23,"BBEBB, freezer 12",-80,Xabier Lekube,https://orcid.org/0000-0002-1005-4593,Ibon Cancio,https://orcid.org/0000-0003-4841-0079,true,NA,NA,NA,NA,NA,,NA,NA,NA,EMOBON_PiEGetxo_Wa_106
EMO BON PiEGetxo Wa  220823 0.2um (BLANK1),EMOBON metagenome water sample from station PiEGetxo collected on 2022-08-23 size fraction 0.2-3um,https://www.ncbi.nlm.nih.gov/taxonomy/browser/wwwtax.cgi?id=256318,metagenome,metagenome,MilliQ water [ENVO:00003065],2022-08-23,PiEGetxo_Wa_220823,Ibon Cancio Uriarte,https://orcid.org/0000-0003-4841-0079,no_tide,,NA,blank_1,NA,NA,0.2-3,0.2,3,true,NA,WaSOP 1,MasterFlex L/S,2022-08-23,"BBEBB, freezer 12",-80,Xabier Lekube,https://orcid.org/0000-0002-1005-4593,Ibon Cancio,https://orcid.org/0000-0003-4841-0079,true,NA,NA,NA,NA,NA,,NA,NA,NA,EMOBON_PiEGetxo_Wa_107
EMO BON PiEGetxo Wa 221024 3um (1),EMOBON metagenome water sample from station PiEGetxo collected on 2022-10-24 size fraction 3-200um,https://www.ncbi.nlm.nih.gov/taxonomy/browser/wwwtax.cgi?id=1874687,marine plankton metagenome,metagenome,seawater [ENVO:00002149]; coastal sea water [ENVO:00002150]; surface water [ENVO:00002042],2022-10-24,PiEGetxo_Wa_221024,Iigo Azua,NA,high_tide,,1,1,10,1,3-200,3,200,true,Niskin,WaSOP 1,MasterFlex L/S,2022-10-24,"BBEBB, freezer 12",-80,Xabier Lekube,https://orcid.org/0000-0002-1005-4593,Ibon Cancio,https://orcid.org/0000-0003-4841-0079,false,2023-06-06,2023-06-07,-70,,,,NA,NA,NA,EMOBON_PiEGetxo_Wa_108
EMO BON PiEGetxo Wa  221024 3um (2),EMOBON metagenome water sample from station PiEGetxo collected on 2022-10-24 size fraction 3-200um,https://www.ncbi.nlm.nih.gov/taxonomy/browser/wwwtax.cgi?id=1874687,marine plankton metagenome,metagenome,seawater [ENVO:00002149]; coastal sea water [ENVO:00002150]; surface water [ENVO:00002042],2022-10-24,PiEGetxo_Wa_221024,Iigo Azua,NA,high_tide,,1,2,10,1,3-200,3,200,true,Niskin,WaSOP 1,MasterFlex L/S,2022-10-24,"BBEBB, freezer 12",-80,Xabier Lekube,https://orcid.org/0000-0002-1005-4593,Ibon Cancio,https://orcid.org/0000-0003-4841-0079,false,2023-06-06,2023-06-07,-70,,,,NA,NA,NA,EMOBON_PiEGetxo_Wa_109
EMO BON PiEGetxo Wa  221024 0.2um (1),EMOBON metagenome water sample from station PiEGetxo collected on 2022-10-24 size fraction 0.2-3um,https://www.ncbi.nlm.nih.gov/taxonomy/browser/wwwtax.cgi?id=1874687,marine plankton metagenome,metagenome,seawater [ENVO:00002149]; coastal sea water [ENVO:00002150]; surface water [ENVO:00002042],2022-10-24,PiEGetxo_Wa_221024,Iigo Azua,NA,high_tide,,1,1,10,1,0.2-3,0.2,3,true,Niskin,WaSOP 1,MasterFlex L/S,2022-10-24,"BBEBB, freezer 12",-80,Xabier Lekube,https://orcid.org/0000-0002-1005-4593,Ibon Cancio,https://orcid.org/0000-0003-4841-0079,false,2023-06-06,2023-06-07,-70,,,,NA,NA,NA,EMOBON_PiEGetxo_Wa_110
EMO BON PiEGetxo Wa  221024 0.2um (2),EMOBON metagenome water sample from station PiEGetxo collected on 2022-10-24 size fraction 0.2-3um,https://www.ncbi.nlm.nih.gov/taxonomy/browser/wwwtax.cgi?id=1874687,marine plankton metagenome,metagenome,seawater [ENVO:00002149]; coastal sea water [ENVO:00002150]; surface water [ENVO:00002042],2022-10-24,PiEGetxo_Wa_221024,Iigo Azua,NA,high_tide,,1,2,10,1,0.2-3,0.2,3,true,Niskin,WaSOP 1,MasterFlex L/S,2022-10-24,"BBEBB, freezer 12",-80,Xabier Lekube,https://orcid.org/0000-0002-1005-4593,Ibon Cancio,https://orcid.org/0000-0003-4841-0079,false,2023-06-06,2023-06-07,-70,,,,NA,NA,NA,EMOBON_PiEGetxo_Wa_111
EMO BON PiEGetxo Wa  221024 3um (BLANK),EMOBON metagenome water sample from station PiEGetxo collected on 2022-10-24 size fraction 3-200um,https://www.ncbi.nlm.nih.gov/taxonomy/browser/wwwtax.cgi?id=256318,metagenome,metagenome,MilliQ water [ENVO:00003065],2022-10-24,PiEGetxo_Wa_221024,Iigo Azua,NA,no_tide,,NA,blank_1,NA,NA,3-200,3,200,true,NA,WaSOP 1,MasterFlex L/S,2022-10-24,"BBEBB, freezer 12",-80,Xabier Lekube,https://orcid.org/0000-0002-1005-4593,Ibon Cancio,https://orcid.org/0000-0003-4841-0079,true,NA,NA,NA,NA,NA,,NA,NA,NA,EMOBON_PiEGetxo_Wa_112
EMO BON PiEGetxo Wa  221024 0.2um (BLANK),EMOBON metagenome water sample from station PiEGetxo collected on 2022-10-24 size fraction 0.2-3um,https://www.ncbi.nlm.nih.gov/taxonomy/browser/wwwtax.cgi?id=256318,metagenome,metagenome,MilliQ water [ENVO:00003065],2022-10-24,PiEGetxo_Wa_221024,Iigo Azua,NA,no_tide,,NA,blank_1,NA,NA,0.2-3,0.2,3,true,NA,WaSOP 1,MasterFlex L/S,2022-10-24,"BBEBB, freezer 12",-80,Xabier Lekube,https://orcid.org/0000-0002-1005-4593,Ibon Cancio,https://orcid.org/0000-0003-4841-0079,true,NA,NA,NA,NA,NA,,NA,NA,NA,EMOBON_PiEGetxo_Wa_113
EMO BON PiEGetxo Wa  221024 3um (3),EMOBON metagenome water sample from station PiEGetxo collected on 2022-10-24 size fraction 3-200um,https://www.ncbi.nlm.nih.gov/taxonomy/browser/wwwtax.cgi?id=1874687,marine plankton metagenome,metagenome,seawater [ENVO:00002149]; coastal sea water [ENVO:00002150]; surface water [ENVO:00002042],2022-10-24,PiEGetxo_Wa_221024,Iigo Azua,NA,high_tide,,1,3,10,1,3-200,3,200,true,Niskin,WaSOP 1,MasterFlex L/S,2022-10-24,"BBEBB, freezer 12",-80,Xabier Lekube,https://orcid.org/0000-0002-1005-4593,Ibon Cancio,https://orcid.org/0000-0003-4841-0079,true,NA,NA,NA,NA,NA,,NA,NA,NA,EMOBON_PiEGetxo_Wa_114
EMO BON PiEGetxo Wa  221024 3um (4),EMOBON metagenome water sample from station PiEGetxo collected on 2022-10-24 size fraction 3-200um,https://www.ncbi.nlm.nih.gov/taxonomy/browser/wwwtax.cgi?id=1874687,marine plankton metagenome,metagenome,seawater [ENVO:00002149]; coastal sea water [ENVO:00002150]; surface water [ENVO:00002042],2022-10-24,PiEGetxo_Wa_221024,Iigo Azua,NA,high_tide,,1,4,10,1,3-200,3,200,true,Niskin,WaSOP 1,MasterFlex L/S,2022-10-24,"BBEBB, freezer 12",-80,Xabier Lekube,https://orcid.org/0000-0002-1005-4593,Ibon Cancio,https://orcid.org/0000-0003-4841-0079,true,NA,NA,NA,NA,NA,,NA,NA,NA,EMOBON_PiEGetxo_Wa_115
EMO BON PiEGetxo Wa  221024 0.2um (3),EMOBON metagenome water sample from station PiEGetxo collected on 2022-10-24 size fraction 0.2-3um,https://www.ncbi.nlm.nih.gov/taxonomy/browser/wwwtax.cgi?id=1874687,marine plankton metagenome,metagenome,seawater [ENVO:00002149]; coastal sea water [ENVO:00002150]; surface water [ENVO:00002042],2022-10-24,PiEGetxo_Wa_221024,Iigo Azua,NA,high_tide,,1,3,10,1,0.2-3,0.2,3,true,Niskin,WaSOP 1,MasterFlex L/S,2022-10-24,"BBEBB, freezer 12",-80,Xabier Lekube,https://orcid.org/0000-0002-1005-4593,Ibon Cancio,https://orcid.org/0000-0003-4841-0079,true,NA,NA,NA,NA,NA,,NA,NA,NA,EMOBON_PiEGetxo_Wa_116
EMO BON PiEGetxo Wa  221024 0.2um (4),EMOBON metagenome water sample from station PiEGetxo collected on 2022-10-24 size fraction 0.2-3um,https://www.ncbi.nlm.nih.gov/taxonomy/browser/wwwtax.cgi?id=1874687,marine plankton metagenome,metagenome,seawater [ENVO:00002149]; coastal sea water [ENVO:00002150]; surface water [ENVO:00002042],2022-10-24,PiEGetxo_Wa_221024,Iigo Azua,NA,high_tide,,1,4,10,1,0.2-3,0.2,3,true,Niskin,WaSOP 1,MasterFlex L/S,2022-10-24,"BBEBB, freezer 12",-80,Xabier Lekube,https://orcid.org/0000-0002-1005-4593,Ibon Cancio,https://orcid.org/0000-0003-4841-0079,true,NA,NA,NA,NA,NA,,NA,NA,NA,EMOBON_PiEGetxo_Wa_117
EMO BON PiEGetxo Wa  221024 3um (BLANK1),EMOBON metagenome water sample from station PiEGetxo collected on 2022-10-24 size fraction 3-200um,https://www.ncbi.nlm.nih.gov/taxonomy/browser/wwwtax.cgi?id=256318,metagenome,metagenome,MilliQ water [ENVO:00003065],2022-10-24,PiEGetxo_Wa_221024,Iigo Azua,NA,no_tide,,NA,blank_1,NA,NA,3-200,3,200,true,NA,WaSOP 1,MasterFlex L/S,2022-10-24,"BBEBB, freezer 12",-80,Xabier Lekube,https://orcid.org/0000-0002-1005-4593,Ibon Cancio,https://orcid.org/0000-0003-4841-0079,true,NA,NA,NA,NA,NA,,NA,NA,NA,EMOBON_PiEGetxo_Wa_118
EMO BON PiEGetxo Wa  221024 0.2um (BLANK1),EMOBON metagenome water sample from station PiEGetxo collected on 2022-10-24 size fraction 0.2-3um,https://www.ncbi.nlm.nih.gov/taxonomy/browser/wwwtax.cgi?id=256318,metagenome,metagenome,MilliQ water [ENVO:00003065],2022-10-24,PiEGetxo_Wa_221024,Iigo Azua,NA,no_tide,,NA,blank_1,NA,NA,0.2-3,0.2,3,true,NA,WaSOP 1,MasterFlex L/S,2022-10-24,"BBEBB, freezer 12",-80,Xabier Lekube,https://orcid.org/0000-0002-1005-4593,Ibon Cancio,https://orcid.org/0000-0003-4841-0079,true,NA,NA,NA,NA,NA,,NA,NA,NA,EMOBON_PiEGetxo_Wa_119
EMO BON PiEGetxo Wa 221220 3um (1),EMOBON metagenome water sample from station PiEGetxo collected on 2022-12-20 size fraction 3-200um,https://www.ncbi.nlm.nih.gov/taxonomy/browser/wwwtax.cgi?id=1874687,marine plankton metagenome,metagenome,seawater [ENVO:00002149]; coastal sea water [ENVO:00002150]; surface water [ENVO:00002042],2022-12-20,PiEGetxo_Wa_221220,Ibon Cancio,https://orcid.org/0000-0003-4841-0079,high_tide,,1,1,10,1,3-200,3,200,true,Niskin,WaSOP 1,MasterFlex L/S,2022-12-20,"BBEBB, freezer 12",-80,Xabier Lekube,https://orcid.org/0000-0002-1005-4593,Ibon Cancio,https://orcid.org/0000-0003-4841-0079,false,2023-06-06,2023-06-07,-70,,,,NA,NA,NA,EMOBON_PiEGetxo_Wa_120
EMO BON PiEGetxo Wa  221220 3um (2),EMOBON metagenome water sample from station PiEGetxo collected on 2022-12-20 size fraction 3-200um,https://www.ncbi.nlm.nih.gov/taxonomy/browser/wwwtax.cgi?id=1874687,marine plankton metagenome,metagenome,seawater [ENVO:00002149]; coastal sea water [ENVO:00002150]; surface water [ENVO:00002042],2022-12-20,PiEGetxo_Wa_221220,Ibon Cancio,https://orcid.org/0000-0003-4841-0079,high_tide,,1,2,10,1,3-200,3,200,true,Niskin,WaSOP 1,MasterFlex L/S,2022-12-20,"BBEBB, freezer 12",-80,Xabier Lekube,https://orcid.org/0000-0002-1005-4593,Ibon Cancio,https://orcid.org/0000-0003-4841-0079,false,2023-06-06,2023-06-07,-70,,,,NA,NA,NA,EMOBON_PiEGetxo_Wa_121
EMO BON PiEGetxo Wa  221220 0.2um (1),EMOBON metagenome water sample from station PiEGetxo collected on 2022-12-20 size fraction 0.2-3um,https://www.ncbi.nlm.nih.gov/taxonomy/browser/wwwtax.cgi?id=1874687,marine plankton metagenome,metagenome,seawater [ENVO:00002149]; coastal sea water [ENVO:00002150]; surface water [ENVO:00002042],2022-12-20,PiEGetxo_Wa_221220,Ibon Cancio,https://orcid.org/0000-0003-4841-0079,high_tide,,1,1,10,1,0.2-3,0.2,3,true,Niskin,WaSOP 1,MasterFlex L/S,2022-12-20,"BBEBB, freezer 12",-80,Xabier Lekube,https://orcid.org/0000-0002-1005-4593,Ibon Cancio,https://orcid.org/0000-0003-4841-0079,false,2023-06-06,2023-06-07,-70,,,,NA,NA,NA,EMOBON_PiEGetxo_Wa_122
EMO BON PiEGetxo Wa  221220 0.2um (2),EMOBON metagenome water sample from station PiEGetxo collected on 2022-12-20 size fraction 0.2-3um,https://www.ncbi.nlm.nih.gov/taxonomy/browser/wwwtax.cgi?id=1874687,marine plankton metagenome,metagenome,seawater [ENVO:00002149]; coastal sea water [ENVO:00002150]; surface water [ENVO:00002042],2022-12-20,PiEGetxo_Wa_221220,Ibon Cancio,https://orcid.org/0000-0003-4841-0079,high_tide,,1,2,10,1,0.2-3,0.2,3,true,Niskin,WaSOP 1,MasterFlex L/S,2022-12-20,"BBEBB, freezer 12",-80,Xabier Lekube,https://orcid.org/0000-0002-1005-4593,Ibon Cancio,https://orcid.org/0000-0003-4841-0079,false,2023-06-06,2023-06-07,-70,,,,NA,NA,NA,EMOBON_PiEGetxo_Wa_123
EMO BON PiEGetxo Wa  221220 3um (BLANK),EMOBON metagenome water sample from station PiEGetxo collected on 2022-12-20 size fraction 3-200um,https://www.ncbi.nlm.nih.gov/taxonomy/browser/wwwtax.cgi?id=256318,metagenome,metagenome,MilliQ water [ENVO:00003065],2022-12-20,PiEGetxo_Wa_221220,Ibon Cancio,https://orcid.org/0000-0003-4841-0079,no_tide,,NA,blank_1,NA,NA,3-200,3,200,true,NA,WaSOP 1,MasterFlex L/S,2022-12-20,"BBEBB, freezer 12",-80,Xabier Lekube,https://orcid.org/0000-0002-1005-4593,Ibon Cancio,https://orcid.org/0000-0003-4841-0079,true,NA,NA,NA,NA,NA,,NA,NA,NA,EMOBON_PiEGetxo_Wa_124
EMO BON PiEGetxo Wa  221220 0.2um (BLANK),EMOBON metagenome water sample from station PiEGetxo collected on 2022-12-20 size fraction 0.2-3um,https://www.ncbi.nlm.nih.gov/taxonomy/browser/wwwtax.cgi?id=256318,metagenome,metagenome,MilliQ water [ENVO:00003065],2022-12-20,PiEGetxo_Wa_221220,Ibon Cancio,https://orcid.org/0000-0003-4841-0079,no_tide,,NA,blank_1,NA,NA,0.2-3,0.2,3,true,NA,WaSOP 1,MasterFlex L/S,2022-12-20,"BBEBB, freezer 12",-80,Xabier Lekube,https://orcid.org/0000-0002-1005-4593,Ibon Cancio,https://orcid.org/0000-0003-4841-0079,true,NA,NA,NA,NA,NA,,NA,NA,NA,EMOBON_PiEGetxo_Wa_125
EMO BON PiEGetxo Wa  221220 3um (3),EMOBON metagenome water sample from station PiEGetxo collected on 2022-12-20 size fraction 3-200um,https://www.ncbi.nlm.nih.gov/taxonomy/browser/wwwtax.cgi?id=1874687,marine plankton metagenome,metagenome,seawater [ENVO:00002149]; coastal sea water [ENVO:00002150]; surface water [ENVO:00002042],2022-12-20,PiEGetxo_Wa_221220,Ibon Cancio,https://orcid.org/0000-0003-4841-0079,high_tide,,1,3,10,1,3-200,3,200,true,Niskin,WaSOP 1,MasterFlex L/S,2022-12-20,"BBEBB, freezer 12",-80,Xabier Lekube,https://orcid.org/0000-0002-1005-4593,Ibon Cancio,https://orcid.org/0000-0003-4841-0079,true,NA,NA,NA,NA,NA,,NA,NA,NA,EMOBON_PiEGetxo_Wa_126
EMO BON PiEGetxo Wa  221220 3um (4),EMOBON metagenome water sample from station PiEGetxo collected on 2022-12-20 size fraction 3-200um,https://www.ncbi.nlm.nih.gov/taxonomy/browser/wwwtax.cgi?id=1874687,marine plankton metagenome,metagenome,seawater [ENVO:00002149]; coastal sea water [ENVO:00002150]; surface water [ENVO:00002042],2022-12-20,PiEGetxo_Wa_221220,Ibon Cancio,https://orcid.org/0000-0003-4841-0079,high_tide,,1,4,10,1,3-200,3,200,true,Niskin,WaSOP 1,MasterFlex L/S,2022-12-20,"BBEBB, freezer 12",-80,Xabier Lekube,https://orcid.org/0000-0002-1005-4593,Ibon Cancio,https://orcid.org/0000-0003-4841-0079,true,NA,NA,NA,NA,NA,,NA,NA,NA,EMOBON_PiEGetxo_Wa_127
EMO BON PiEGetxo Wa  221220 0.2um (3),EMOBON metagenome water sample from station PiEGetxo collected on 2022-12-20 size fraction 0.2-3um,https://www.ncbi.nlm.nih.gov/taxonomy/browser/wwwtax.cgi?id=1874687,marine plankton metagenome,metagenome,seawater [ENVO:00002149]; coastal sea water [ENVO:00002150]; surface water [ENVO:00002042],2022-12-20,PiEGetxo_Wa_221220,Ibon Cancio,https://orcid.org/0000-0003-4841-0079,high_tide,,1,3,10,1,0.2-3,0.2,3,true,Niskin,WaSOP 1,MasterFlex L/S,2022-12-20,"BBEBB, freezer 12",-80,Xabier Lekube,https://orcid.org/0000-0002-1005-4593,Ibon Cancio,https://orcid.org/0000-0003-4841-0079,true,NA,NA,NA,NA,NA,,NA,NA,NA,EMOBON_PiEGetxo_Wa_128
EMO BON PiEGetxo Wa  221220 0.2um (4),EMOBON metagenome water sample from station PiEGetxo collected on 2022-12-20 size fraction 0.2-3um,https://www.ncbi.nlm.nih.gov/taxonomy/browser/wwwtax.cgi?id=1874687,marine plankton metagenome,metagenome,seawater [ENVO:00002149]; coastal sea water [ENVO:00002150]; surface water [ENVO:00002042],2022-12-20,PiEGetxo_Wa_221220,Ibon Cancio,https://orcid.org/0000-0003-4841-0079,high_tide,,1,4,10,1,0.2-3,0.2,3,true,Niskin,WaSOP 1,MasterFlex L/S,2022-12-20,"BBEBB, freezer 12",-80,Xabier Lekube,https://orcid.org/0000-0002-1005-4593,Ibon Cancio,https://orcid.org/0000-0003-4841-0079,true,NA,NA,NA,NA,NA,,NA,NA,NA,EMOBON_PiEGetxo_Wa_129
EMO BON PiEGetxo Wa  221220 3um (BLANK1),EMOBON metagenome water sample from station PiEGetxo collected on 2022-12-20 size fraction 3-200um,https://www.ncbi.nlm.nih.gov/taxonomy/browser/wwwtax.cgi?id=256318,metagenome,metagenome,MilliQ water [ENVO:00003065],2022-12-20,PiEGetxo_Wa_221220,Ibon Cancio,https://orcid.org/0000-0003-4841-0079,no_tide,,NA,blank_1,NA,NA,3-200,3,200,true,NA,WaSOP 1,MasterFlex L/S,2022-12-20,"BBEBB, freezer 12",-80,Xabier Lekube,https://orcid.org/0000-0002-1005-4593,Ibon Cancio,https://orcid.org/0000-0003-4841-0079,true,NA,NA,NA,NA,NA,,NA,NA,NA,EMOBON_PiEGetxo_Wa_130
EMO BON PiEGetxo Wa  221220 0.2um (BLANK1),EMOBON metagenome water sample from station PiEGetxo collected on 2022-12-20 size fraction 0.2-3um,https://www.ncbi.nlm.nih.gov/taxonomy/browser/wwwtax.cgi?id=256318,metagenome,metagenome,MilliQ water [ENVO:00003065],2022-12-20,PiEGetxo_Wa_221220,Ibon Cancio,https://orcid.org/0000-0003-4841-0079,no_tide,,NA,blank_1,NA,NA,0.2-3,0.2,3,true,NA,WaSOP 1,MasterFlex L/S,2022-12-20,"BBEBB, freezer 12",-80,Xabier Lekube,https://orcid.org/0000-0002-1005-4593,Ibon Cancio,https://orcid.org/0000-0003-4841-0079,true,NA,NA,NA,NA,NA,,NA,NA,NA,EMOBON_PiEGetxo_Wa_131
