source_mat_id_orig,source_mat_id,chlorophyll,chlorophyll_method,sea_surf_temp,sea_surf_temp_method,sea_subsurf_temp,sea_subsurf_temp_method,sea_surf_salinity,sea_surf_salinity_method,sea_subsurf_salinity,sea_subsurf_salinity_method,alkalinity,alkalinity_method,ammonium,ammonium_method,bac_prod,bac_prod_method,biomass,biomass_method,chem_administration,conduc,conduc_method,density,density_method,diss_carb_dioxide,diss_carb_dioxide_method,diss_inorg_carb,diss_inorg_carb_method,diss_org_carb,diss_org_carb_method,diss_org_nitro,diss_org_nitro_method,down_par,down_par_method,diss_oxygen,diss_oxygen_method,n_alkanes,n_alkanes_method,nitrate,nitrate_method,nitrite,nitrite_method,organism_count,organism_count_method,ph,ph_method,part_org_carb,part_org_carb_method,part_org_nitro,part_org_nitro_method,petroleum_hydrocarb,petroleum_hydrocarb_method,phaeopigments,phaeopigments_method,phosphate,phosphate_method,pigments,pigments_method,pressure,pressure_method,primary_prod,primary_prod_method,silicate,silicate_method,sulfate,sulfate_method,sulfide,sulfide_method,turbidity,turbidity_method,water_current,water_current_method
EMO BON PiEGetxo Wa 210824 3um (1),EMOBON_PiEGetxo_Wa_1,2.29,HPLC (Alliance HPLC System) following the method described by Zapata et al. 2000,20.73,EXO2 multiparameter sonde,20.73,EXO2 multiparameter sonde,33.16,EXO2 multiparameter sonde,33.16,EXO2 multiparameter sonde,,,,,,,,,,46.4582,EXO2 multiparameter sonde,,,,,,,,,,,,,,,,,,,,,,,7.8,EXO2 multiparameter sonde,,,,,,,,,,,B-caroten: 0.04;α-caroten 0.005;chlorophyll b: 0.224;Lutein: 0.009;Zeaxanthin: 0.016;Diatoxanthin: 0;Aloxanthin: 0.038;Anteraxanthin: 0;Dinoxanthin: 0;Diadinoxanthin: 0.106;Hfu: 0.032;Violaxanthin: 0;Neoxanthin: 0;Prasinoxanthin: 0;Fucoxanthin: 0.278;Bfu: 0;Peridinin: 0.289;chlorophyll C1: 0.04;chlorophyll C2: 0.236,HPLC (Alliance HPLC System) following the method described by Zapata et al. 2000,,,,,,,,,,,0,,,
EMO BON PiEGetxo Wa 210824 3um (2),EMOBON_PiEGetxo_Wa_2,2.29,HPLC (Alliance HPLC System) following the method described by Zapata et al. 2000,20.73,EXO2 multiparameter sonde,20.73,EXO2 multiparameter sonde,33.16,EXO2 multiparameter sonde,33.16,EXO2 multiparameter sonde,,,,,,,,,,46.4582,EXO2 multiparameter sonde,,,,,,,,,,,,,,,,,,,,,,,7.8,EXO2 multiparameter sonde,,,,,,,,,,,B-caroten: 0.04;α-caroten 0.005;chlorophyll b: 0.224;Lutein: 0.009;Zeaxanthin: 0.016;Diatoxanthin: 0;Aloxanthin: 0.038;Anteraxanthin: 0;Dinoxanthin: 0;Diadinoxanthin: 0.106;Hfu: 0.032;Violaxanthin: 0;Neoxanthin: 0;Prasinoxanthin: 0;Fucoxanthin: 0.278;Bfu: 0;Peridinin: 0.289;chlorophyll C1: 0.04;chlorophyll C2: 0.236,HPLC (Alliance HPLC System) following the method described by Zapata et al. 2000,,,,,,,,,,,0,,,
EMO BON PiEGetxo Wa 210824 0.2um (1),EMOBON_PiEGetxo_Wa_3,2.29,HPLC (Alliance HPLC System) following the method described by Zapata et al. 2000,20.73,EXO2 multiparameter sonde,20.73,EXO2 multiparameter sonde,33.16,EXO2 multiparameter sonde,33.16,EXO2 multiparameter sonde,,,,,,,,,,46.4582,EXO2 multiparameter sonde,,,,,,,,,,,,,,,,,,,,,,,7.8,EXO2 multiparameter sonde,,,,,,,,,,,B-caroten: 0.04;α-caroten 0.005;chlorophyll b: 0.224;Lutein: 0.009;Zeaxanthin: 0.016;Diatoxanthin: 0;Aloxanthin: 0.038;Anteraxanthin: 0;Dinoxanthin: 0;Diadinoxanthin: 0.106;Hfu: 0.032;Violaxanthin: 0;Neoxanthin: 0;Prasinoxanthin: 0;Fucoxanthin: 0.278;Bfu: 0;Peridinin: 0.289;chlorophyll C1: 0.04;chlorophyll C2: 0.236,HPLC (Alliance HPLC System) following the method described by Zapata et al. 2000,,,,,,,,,,,0,,,
EMO BON PiEGetxo Wa 210824 0.2um (2),EMOBON_PiEGetxo_Wa_4,2.29,HPLC (Alliance HPLC System) following the method described by Zapata et al. 2000,20.73,EXO2 multiparameter sonde,20.73,EXO2 multiparameter sonde,33.16,EXO2 multiparameter sonde,33.16,EXO2 multiparameter sonde,,,,,,,,,,46.4582,EXO2 multiparameter sonde,,,,,,,,,,,,,,,,,,,,,,,7.8,EXO2 multiparameter sonde,,,,,,,,,,,B-caroten: 0.04;α-caroten 0.005;chlorophyll b: 0.224;Lutein: 0.009;Zeaxanthin: 0.016;Diatoxanthin: 0;Aloxanthin: 0.038;Anteraxanthin: 0;Dinoxanthin: 0;Diadinoxanthin: 0.106;Hfu: 0.032;Violaxanthin: 0;Neoxanthin: 0;Prasinoxanthin: 0;Fucoxanthin: 0.278;Bfu: 0;Peridinin: 0.289;chlorophyll C1: 0.04;chlorophyll C2: 0.236,HPLC (Alliance HPLC System) following the method described by Zapata et al. 2000,,,,,,,,,,,0,,,
EMO BON PiEGetxo Wa 210824 3um (BLANK),EMOBON_PiEGetxo_Wa_5,NA,NA,NA,NA,NA,NA,NA,NA,NA,NA,NA,NA,NA,NA,NA,NA,NA,NA,NA,NA,NA,NA,NA,NA,NA,NA,NA,NA,NA,NA,NA,NA,NA,NA,NA,NA,NA,NA,NA,NA,NA,NA,NA,NA,NA,NA,NA,NA,NA,NA,NA,NA,NA,NA,NA,NA,NA,NA,NA,NA,NA,NA,NA,NA,NA,NA,NA,NA,NA,NA,NA
EMO BON PiEGetxo Wa 210824 0.2um (BLANK),EMOBON_PiEGetxo_Wa_6,NA,NA,NA,NA,NA,NA,NA,NA,NA,NA,NA,NA,NA,NA,NA,NA,NA,NA,NA,NA,NA,NA,NA,NA,NA,NA,NA,NA,NA,NA,NA,NA,NA,NA,NA,NA,NA,NA,NA,NA,NA,NA,NA,NA,NA,NA,NA,NA,NA,NA,NA,NA,NA,NA,NA,NA,NA,NA,NA,NA,NA,NA,NA,NA,NA,NA,NA,NA,NA,NA,NA
EMO BON PiEGetxo Wa 210824 3um (3),EMOBON_PiEGetxo_Wa_7,2.29,HPLC (Alliance HPLC System) following the method described by Zapata et al. 2000,20.73,EXO2 multiparameter sonde,20.73,EXO2 multiparameter sonde,33.16,EXO2 multiparameter sonde,33.16,EXO2 multiparameter sonde,,,,,,,,,,46.4582,EXO2 multiparameter sonde,,,,,,,,,,,,,,,,,,,,,,,7.8,EXO2 multiparameter sonde,,,,,,,,,,,B-caroten: 0.04;α-caroten 0.005;chlorophyll b: 0.224;Lutein: 0.009;Zeaxanthin: 0.016;Diatoxanthin: 0;Aloxanthin: 0.038;Anteraxanthin: 0;Dinoxanthin: 0;Diadinoxanthin: 0.106;Hfu: 0.032;Violaxanthin: 0;Neoxanthin: 0;Prasinoxanthin: 0;Fucoxanthin: 0.278;Bfu: 0;Peridinin: 0.289;chlorophyll C1: 0.04;chlorophyll C2: 0.236,HPLC (Alliance HPLC System) following the method described by Zapata et al. 2000,,,,,,,,,,,0,,,
EMO BON PiEGetxo Wa 210824 3um (4),EMOBON_PiEGetxo_Wa_8,2.29,HPLC (Alliance HPLC System) following the method described by Zapata et al. 2000,20.73,EXO2 multiparameter sonde,20.73,EXO2 multiparameter sonde,33.16,EXO2 multiparameter sonde,33.16,EXO2 multiparameter sonde,,,,,,,,,,46.4582,EXO2 multiparameter sonde,,,,,,,,,,,,,,,,,,,,,,,7.8,EXO2 multiparameter sonde,,,,,,,,,,,B-caroten: 0.04;α-caroten 0.005;chlorophyll b: 0.224;Lutein: 0.009;Zeaxanthin: 0.016;Diatoxanthin: 0;Aloxanthin: 0.038;Anteraxanthin: 0;Dinoxanthin: 0;Diadinoxanthin: 0.106;Hfu: 0.032;Violaxanthin: 0;Neoxanthin: 0;Prasinoxanthin: 0;Fucoxanthin: 0.278;Bfu: 0;Peridinin: 0.289;chlorophyll C1: 0.04;chlorophyll C2: 0.236,HPLC (Alliance HPLC System) following the method described by Zapata et al. 2000,,,,,,,,,,,0,,,
EMO BON PiEGetxo Wa 210824 0.2um (3),EMOBON_PiEGetxo_Wa_9,2.29,HPLC (Alliance HPLC System) following the method described by Zapata et al. 2000,20.73,EXO2 multiparameter sonde,20.73,EXO2 multiparameter sonde,33.16,EXO2 multiparameter sonde,33.16,EXO2 multiparameter sonde,,,,,,,,,,46.4582,EXO2 multiparameter sonde,,,,,,,,,,,,,,,,,,,,,,,7.8,EXO2 multiparameter sonde,,,,,,,,,,,B-caroten: 0.04;α-caroten 0.005;chlorophyll b: 0.224;Lutein: 0.009;Zeaxanthin: 0.016;Diatoxanthin: 0;Aloxanthin: 0.038;Anteraxanthin: 0;Dinoxanthin: 0;Diadinoxanthin: 0.106;Hfu: 0.032;Violaxanthin: 0;Neoxanthin: 0;Prasinoxanthin: 0;Fucoxanthin: 0.278;Bfu: 0;Peridinin: 0.289;chlorophyll C1: 0.04;chlorophyll C2: 0.236,HPLC (Alliance HPLC System) following the method described by Zapata et al. 2000,,,,,,,,,,,0,,,
EMO BON PiEGetxo Wa 210824 0.2um (4),EMOBON_PiEGetxo_Wa_10,2.29,HPLC (Alliance HPLC System) following the method described by Zapata et al. 2000,20.73,EXO2 multiparameter sonde,20.73,EXO2 multiparameter sonde,33.16,EXO2 multiparameter sonde,33.16,EXO2 multiparameter sonde,,,,,,,,,,46.4582,EXO2 multiparameter sonde,,,,,,,,,,,,,,,,,,,,,,,7.8,EXO2 multiparameter sonde,,,,,,,,,,,B-caroten: 0.04;α-caroten 0.005;chlorophyll b: 0.224;Lutein: 0.009;Zeaxanthin: 0.016;Diatoxanthin: 0;Aloxanthin: 0.038;Anteraxanthin: 0;Dinoxanthin: 0;Diadinoxanthin: 0.106;Hfu: 0.032;Violaxanthin: 0;Neoxanthin: 0;Prasinoxanthin: 0;Fucoxanthin: 0.278;Bfu: 0;Peridinin: 0.289;chlorophyll C1: 0.04;chlorophyll C2: 0.236,HPLC (Alliance HPLC System) following the method described by Zapata et al. 2000,,,,,,,,,,,0,,,
EMO BON PiEGetxo Wa 210824 3um (BLANK1),EMOBON_PiEGetxo_Wa_11,NA,NA,NA,NA,NA,NA,NA,NA,NA,NA,NA,NA,NA,NA,NA,NA,NA,NA,NA,NA,NA,NA,NA,NA,NA,NA,NA,NA,NA,NA,NA,NA,NA,NA,NA,NA,NA,NA,NA,NA,NA,NA,NA,NA,NA,NA,NA,NA,NA,NA,NA,NA,NA,NA,NA,NA,NA,NA,NA,NA,NA,NA,NA,NA,NA,NA,NA,NA,NA,NA,NA
EMO BON PiEGetxo Wa 211027 3um (1),EMOBON_PiEGetxo_Wa_12,0.502835,HPLC (Alliance HPLC System) following the method described by Zapata et al. 2000,15.18,EXO2 multiparameter sonde,15.18,EXO2 multiparameter sonde,32.81,EXO2 multiparameter sonde,32.81,EXO2 multiparameter sonde,,,,,,,,,,40.6864,EXO2 multiparameter sonde,,,,,,,,,,,,,,,,,,,,,,,7.32,EXO2 multiparameter sonde,,,,,,,,,,,Aloxanthin: 0;Anteraxanthin: 0;α-carotene: 0;B-carotene: 0;Bfu: 0;Clorofyll b: 0.138374258;clorophyll C1: 0;clorophyll C2: 0.026793001;Crocoxanthin: 0;Diadinoxanthin: 0;Diatoxanthin: 0;Dinoxanthin: 0;Fucoxanthin: 0.048811447;Hfu: 0;Lutein: 0;Neoxanthin: 0;Peridinin: 0;Prasinoxanthin: 0;Violaxanthin: 0;Zeaxanthin: 0,HPLC (Alliance HPLC System) following the method described by Zapata et al. 2000,,,,,,,,,,,0,,,
EMO BON PiEGetxo Wa 211027 3um (2),EMOBON_PiEGetxo_Wa_13,0.502835,HPLC (Alliance HPLC System) following the method described by Zapata et al. 2000,15.18,EXO2 multiparameter sonde,15.18,EXO2 multiparameter sonde,32.81,EXO2 multiparameter sonde,32.81,EXO2 multiparameter sonde,,,,,,,,,,40.6864,EXO2 multiparameter sonde,,,,,,,,,,,,,,,,,,,,,,,7.32,EXO2 multiparameter sonde,,,,,,,,,,,Aloxanthin: 0;Anteraxanthin: 0;α-carotene: 0;B-carotene: 0;Bfu: 0;Clorofyll b: 0.138374258;clorophyll C1: 0;clorophyll C2: 0.026793001;Crocoxanthin: 0;Diadinoxanthin: 0;Diatoxanthin: 0;Dinoxanthin: 0;Fucoxanthin: 0.048811447;Hfu: 0;Lutein: 0;Neoxanthin: 0;Peridinin: 0;Prasinoxanthin: 0;Violaxanthin: 0;Zeaxanthin: 0,HPLC (Alliance HPLC System) following the method described by Zapata et al. 2000,,,,,,,,,,,0,,,
EMO BON PiEGetxo Wa 211027 0.2um (1),EMOBON_PiEGetxo_Wa_14,0.502835,HPLC (Alliance HPLC System) following the method described by Zapata et al. 2000,15.18,EXO2 multiparameter sonde,15.18,EXO2 multiparameter sonde,32.81,EXO2 multiparameter sonde,32.81,EXO2 multiparameter sonde,,,,,,,,,,40.6864,EXO2 multiparameter sonde,,,,,,,,,,,,,,,,,,,,,,,7.32,EXO2 multiparameter sonde,,,,,,,,,,,Aloxanthin: 0;Anteraxanthin: 0;α-carotene: 0;B-carotene: 0;Bfu: 0;Clorofyll b: 0.138374258;clorophyll C1: 0;clorophyll C2: 0.026793001;Crocoxanthin: 0;Diadinoxanthin: 0;Diatoxanthin: 0;Dinoxanthin: 0;Fucoxanthin: 0.048811447;Hfu: 0;Lutein: 0;Neoxanthin: 0;Peridinin: 0;Prasinoxanthin: 0;Violaxanthin: 0;Zeaxanthin: 0,HPLC (Alliance HPLC System) following the method described by Zapata et al. 2000,,,,,,,,,,,0,,,
EMO BON PiEGetxo Wa 211027 0.2um (2),EMOBON_PiEGetxo_Wa_15,0.502835,HPLC (Alliance HPLC System) following the method described by Zapata et al. 2000,15.18,EXO2 multiparameter sonde,15.18,EXO2 multiparameter sonde,32.81,EXO2 multiparameter sonde,32.81,EXO2 multiparameter sonde,,,,,,,,,,40.6864,EXO2 multiparameter sonde,,,,,,,,,,,,,,,,,,,,,,,7.32,EXO2 multiparameter sonde,,,,,,,,,,,Aloxanthin: 0;Anteraxanthin: 0;α-carotene: 0;B-carotene: 0;Bfu: 0;Clorofyll b: 0.138374258;clorophyll C1: 0;clorophyll C2: 0.026793001;Crocoxanthin: 0;Diadinoxanthin: 0;Diatoxanthin: 0;Dinoxanthin: 0;Fucoxanthin: 0.048811447;Hfu: 0;Lutein: 0;Neoxanthin: 0;Peridinin: 0;Prasinoxanthin: 0;Violaxanthin: 0;Zeaxanthin: 0,HPLC (Alliance HPLC System) following the method described by Zapata et al. 2000,,,,,,,,,,,0,,,
EMO BON PiEGetxo Wa 211027 3um (BLANK),EMOBON_PiEGetxo_Wa_16,NA,NA,NA,NA,NA,NA,NA,NA,NA,NA,NA,NA,NA,NA,NA,NA,NA,NA,NA,NA,NA,NA,NA,NA,NA,NA,NA,NA,NA,NA,NA,NA,NA,NA,NA,NA,NA,NA,NA,NA,NA,NA,NA,NA,NA,NA,NA,NA,NA,NA,NA,NA,NA,NA,NA,NA,NA,NA,NA,NA,NA,NA,NA,NA,NA,NA,NA,NA,NA,NA,NA
EMO BON PiEGetxo Wa 211027 0.2um (BLANK),EMOBON_PiEGetxo_Wa_17,NA,NA,NA,NA,NA,NA,NA,NA,NA,NA,NA,NA,NA,NA,NA,NA,NA,NA,NA,NA,NA,NA,NA,NA,NA,NA,NA,NA,NA,NA,NA,NA,NA,NA,NA,NA,NA,NA,NA,NA,NA,NA,NA,NA,NA,NA,NA,NA,NA,NA,NA,NA,NA,NA,NA,NA,NA,NA,NA,NA,NA,NA,NA,NA,NA,NA,NA,NA,NA,NA,NA
EMO BON PiEGetxo Wa 211027 3um (3),EMOBON_PiEGetxo_Wa_18,0.502835,HPLC (Alliance HPLC System) following the method described by Zapata et al. 2000,15.18,EXO2 multiparameter sonde,15.18,EXO2 multiparameter sonde,32.81,EXO2 multiparameter sonde,32.81,EXO2 multiparameter sonde,,,,,,,,,,40.6864,EXO2 multiparameter sonde,,,,,,,,,,,,,,,,,,,,,,,7.32,EXO2 multiparameter sonde,,,,,,,,,,,Aloxanthin: 0;Anteraxanthin: 0;α-carotene: 0;B-carotene: 0;Bfu: 0;Clorofyll b: 0.138374258;clorophyll C1: 0;clorophyll C2: 0.026793001;Crocoxanthin: 0;Diadinoxanthin: 0;Diatoxanthin: 0;Dinoxanthin: 0;Fucoxanthin: 0.048811447;Hfu: 0;Lutein: 0;Neoxanthin: 0;Peridinin: 0;Prasinoxanthin: 0;Violaxanthin: 0;Zeaxanthin: 0,HPLC (Alliance HPLC System) following the method described by Zapata et al. 2000,,,,,,,,,,,0,,,
EMO BON PiEGetxo Wa 211027 3um (4),EMOBON_PiEGetxo_Wa_19,0.502835,HPLC (Alliance HPLC System) following the method described by Zapata et al. 2000,15.18,EXO2 multiparameter sonde,15.18,EXO2 multiparameter sonde,32.81,EXO2 multiparameter sonde,32.81,EXO2 multiparameter sonde,,,,,,,,,,40.6864,EXO2 multiparameter sonde,,,,,,,,,,,,,,,,,,,,,,,7.32,EXO2 multiparameter sonde,,,,,,,,,,,Aloxanthin: 0;Anteraxanthin: 0;α-carotene: 0;B-carotene: 0;Bfu: 0;Clorofyll b: 0.138374258;clorophyll C1: 0;clorophyll C2: 0.026793001;Crocoxanthin: 0;Diadinoxanthin: 0;Diatoxanthin: 0;Dinoxanthin: 0;Fucoxanthin: 0.048811447;Hfu: 0;Lutein: 0;Neoxanthin: 0;Peridinin: 0;Prasinoxanthin: 0;Violaxanthin: 0;Zeaxanthin: 0,HPLC (Alliance HPLC System) following the method described by Zapata et al. 2000,,,,,,,,,,,0,,,
EMO BON PiEGetxo Wa 211027 0.2um (3),EMOBON_PiEGetxo_Wa_20,0.502835,HPLC (Alliance HPLC System) following the method described by Zapata et al. 2000,15.18,EXO2 multiparameter sonde,15.18,EXO2 multiparameter sonde,32.81,EXO2 multiparameter sonde,32.81,EXO2 multiparameter sonde,,,,,,,,,,40.6864,EXO2 multiparameter sonde,,,,,,,,,,,,,,,,,,,,,,,7.32,EXO2 multiparameter sonde,,,,,,,,,,,Aloxanthin: 0;Anteraxanthin: 0;α-carotene: 0;B-carotene: 0;Bfu: 0;Clorofyll b: 0.138374258;clorophyll C1: 0;clorophyll C2: 0.026793001;Crocoxanthin: 0;Diadinoxanthin: 0;Diatoxanthin: 0;Dinoxanthin: 0;Fucoxanthin: 0.048811447;Hfu: 0;Lutein: 0;Neoxanthin: 0;Peridinin: 0;Prasinoxanthin: 0;Violaxanthin: 0;Zeaxanthin: 0,HPLC (Alliance HPLC System) following the method described by Zapata et al. 2000,,,,,,,,,,,0,,,
EMO BON PiEGetxo Wa 211027 0.2um (4),EMOBON_PiEGetxo_Wa_21,0.502835,HPLC (Alliance HPLC System) following the method described by Zapata et al. 2000,15.18,EXO2 multiparameter sonde,15.18,EXO2 multiparameter sonde,32.81,EXO2 multiparameter sonde,32.81,EXO2 multiparameter sonde,,,,,,,,,,40.6864,EXO2 multiparameter sonde,,,,,,,,,,,,,,,,,,,,,,,7.32,EXO2 multiparameter sonde,,,,,,,,,,,Aloxanthin: 0;Anteraxanthin: 0;α-carotene: 0;B-carotene: 0;Bfu: 0;Clorofyll b: 0.138374258;clorophyll C1: 0;clorophyll C2: 0.026793001;Crocoxanthin: 0;Diadinoxanthin: 0;Diatoxanthin: 0;Dinoxanthin: 0;Fucoxanthin: 0.048811447;Hfu: 0;Lutein: 0;Neoxanthin: 0;Peridinin: 0;Prasinoxanthin: 0;Violaxanthin: 0;Zeaxanthin: 0,HPLC (Alliance HPLC System) following the method described by Zapata et al. 2000,,,,,,,,,,,0,,,
EMO BON PiEGetxo Wa 211027 3um (BLANK1),EMOBON_PiEGetxo_Wa_22,NA,NA,NA,NA,NA,NA,NA,NA,NA,NA,NA,NA,NA,NA,NA,NA,NA,NA,NA,NA,NA,NA,NA,NA,NA,NA,NA,NA,NA,NA,NA,NA,NA,NA,NA,NA,NA,NA,NA,NA,NA,NA,NA,NA,NA,NA,NA,NA,NA,NA,NA,NA,NA,NA,NA,NA,NA,NA,NA,NA,NA,NA,NA,NA,NA,NA,NA,NA,NA,NA,NA
EMO BON PiEGetxo Wa 211027 0.2um (BLANK1),EMOBON_PiEGetxo_Wa_23,NA,NA,NA,NA,NA,NA,NA,NA,NA,NA,NA,NA,NA,NA,NA,NA,NA,NA,NA,NA,NA,NA,NA,NA,NA,NA,NA,NA,NA,NA,NA,NA,NA,NA,NA,NA,NA,NA,NA,NA,NA,NA,NA,NA,NA,NA,NA,NA,NA,NA,NA,NA,NA,NA,NA,NA,NA,NA,NA,NA,NA,NA,NA,NA,NA,NA,NA,NA,NA,NA,NA
EMO BON PiEGetxo Wa 211027 20um (1),EMOBON_PiEGetxo_Wa_24,0.502835,HPLC (Alliance HPLC System) following the method described by Zapata et al. 2000,15.18,EXO2 multiparameter sonde,15.18,EXO2 multiparameter sonde,32.81,EXO2 multiparameter sonde,32.81,EXO2 multiparameter sonde,,,,,,,,,,40.6864,EXO2 multiparameter sonde,,,,,,,,,,,,,,,,,,,,,,,7.32,EXO2 multiparameter sonde,,,,,,,,,,,Aloxanthin: 0;Anteraxanthin: 0;α-carotene: 0;B-carotene: 0;Bfu: 0;Clorofyll b: 0.138374258;clorophyll C1: 0;clorophyll C2: 0.026793001;Crocoxanthin: 0;Diadinoxanthin: 0;Diatoxanthin: 0;Dinoxanthin: 0;Fucoxanthin: 0.048811447;Hfu: 0;Lutein: 0;Neoxanthin: 0;Peridinin: 0;Prasinoxanthin: 0;Violaxanthin: 0;Zeaxanthin: 0,HPLC (Alliance HPLC System) following the method described by Zapata et al. 2000,,,,,,,,,,,0,,,
EMO BON PiEGetxo Wa 211027 20um (2),EMOBON_PiEGetxo_Wa_25,0.502835,HPLC (Alliance HPLC System) following the method described by Zapata et al. 2000,15.18,EXO2 multiparameter sonde,15.18,EXO2 multiparameter sonde,32.81,EXO2 multiparameter sonde,32.81,EXO2 multiparameter sonde,,,,,,,,,,40.6864,EXO2 multiparameter sonde,,,,,,,,,,,,,,,,,,,,,,,7.32,EXO2 multiparameter sonde,,,,,,,,,,,Aloxanthin: 0;Anteraxanthin: 0;α-carotene: 0;B-carotene: 0;Bfu: 0;Clorofyll b: 0.138374258;clorophyll C1: 0;clorophyll C2: 0.026793001;Crocoxanthin: 0;Diadinoxanthin: 0;Diatoxanthin: 0;Dinoxanthin: 0;Fucoxanthin: 0.048811447;Hfu: 0;Lutein: 0;Neoxanthin: 0;Peridinin: 0;Prasinoxanthin: 0;Violaxanthin: 0;Zeaxanthin: 0,HPLC (Alliance HPLC System) following the method described by Zapata et al. 2000,,,,,,,,,,,0,,,
EMO BON PiEGetxo Wa 211027 20um (3),EMOBON_PiEGetxo_Wa_26,0.502835,HPLC (Alliance HPLC System) following the method described by Zapata et al. 2000,15.18,EXO2 multiparameter sonde,15.18,EXO2 multiparameter sonde,32.81,EXO2 multiparameter sonde,32.81,EXO2 multiparameter sonde,,,,,,,,,,40.6864,EXO2 multiparameter sonde,,,,,,,,,,,,,,,,,,,,,,,7.32,EXO2 multiparameter sonde,,,,,,,,,,,Aloxanthin: 0;Anteraxanthin: 0;α-carotene: 0;B-carotene: 0;Bfu: 0;Clorofyll b: 0.138374258;clorophyll C1: 0;clorophyll C2: 0.026793001;Crocoxanthin: 0;Diadinoxanthin: 0;Diatoxanthin: 0;Dinoxanthin: 0;Fucoxanthin: 0.048811447;Hfu: 0;Lutein: 0;Neoxanthin: 0;Peridinin: 0;Prasinoxanthin: 0;Violaxanthin: 0;Zeaxanthin: 0,HPLC (Alliance HPLC System) following the method described by Zapata et al. 2000,,,,,,,,,,,0,,,
EMO BON PiEGetxo Wa 211027 20um (4),EMOBON_PiEGetxo_Wa_27,0.502835,HPLC (Alliance HPLC System) following the method described by Zapata et al. 2000,15.18,EXO2 multiparameter sonde,15.18,EXO2 multiparameter sonde,32.81,EXO2 multiparameter sonde,32.81,EXO2 multiparameter sonde,,,,,,,,,,40.6864,EXO2 multiparameter sonde,,,,,,,,,,,,,,,,,,,,,,,7.32,EXO2 multiparameter sonde,,,,,,,,,,,Aloxanthin: 0;Anteraxanthin: 0;α-carotene: 0;B-carotene: 0;Bfu: 0;Clorofyll b: 0.138374258;clorophyll C1: 0;clorophyll C2: 0.026793001;Crocoxanthin: 0;Diadinoxanthin: 0;Diatoxanthin: 0;Dinoxanthin: 0;Fucoxanthin: 0.048811447;Hfu: 0;Lutein: 0;Neoxanthin: 0;Peridinin: 0;Prasinoxanthin: 0;Violaxanthin: 0;Zeaxanthin: 0,HPLC (Alliance HPLC System) following the method described by Zapata et al. 2000,,,,,,,,,,,0,,,
EMO BON PiEGetxo Wa 211027 20um (BLANK),EMOBON_PiEGetxo_Wa_28,NA,NA,NA,NA,NA,NA,NA,NA,NA,NA,NA,NA,NA,NA,NA,NA,NA,NA,NA,NA,NA,NA,NA,NA,NA,NA,NA,NA,NA,NA,NA,NA,NA,NA,NA,NA,NA,NA,NA,NA,NA,NA,NA,NA,NA,NA,NA,NA,NA,NA,NA,NA,NA,NA,NA,NA,NA,NA,NA,NA,NA,NA,NA,NA,NA,NA,NA,NA,NA,NA,NA
EMO BON PiEGetxo Wa 211027 20um (BLANK1),EMOBON_PiEGetxo_Wa_29,NA,NA,NA,NA,NA,NA,NA,NA,NA,NA,NA,NA,NA,NA,NA,NA,NA,NA,NA,NA,NA,NA,NA,NA,NA,NA,NA,NA,NA,NA,NA,NA,NA,NA,NA,NA,NA,NA,NA,NA,NA,NA,NA,NA,NA,NA,NA,NA,NA,NA,NA,NA,NA,NA,NA,NA,NA,NA,NA,NA,NA,NA,NA,NA,NA,NA,NA,NA,NA,NA,NA
EMO BON PiEGetxo Wa 211027 200um (1),EMOBON_PiEGetxo_Wa_30,0.502835,HPLC (Alliance HPLC System) following the method described by Zapata et al. 2000,15.18,EXO2 multiparameter sonde,15.18,EXO2 multiparameter sonde,32.81,EXO2 multiparameter sonde,32.81,EXO2 multiparameter sonde,,,,,,,,,,40.6864,EXO2 multiparameter sonde,,,,,,,,,,,,,,,,,,,,,,,7.32,EXO2 multiparameter sonde,,,,,,,,,,,Aloxanthin: 0;Anteraxanthin: 0;α-carotene: 0;B-carotene: 0;Bfu: 0;Clorofyll b: 0.138374258;clorophyll C1: 0;clorophyll C2: 0.026793001;Crocoxanthin: 0;Diadinoxanthin: 0;Diatoxanthin: 0;Dinoxanthin: 0;Fucoxanthin: 0.048811447;Hfu: 0;Lutein: 0;Neoxanthin: 0;Peridinin: 0;Prasinoxanthin: 0;Violaxanthin: 0;Zeaxanthin: 0,HPLC (Alliance HPLC System) following the method described by Zapata et al. 2000,,,,,,,,,,,0,,,
EMO BON PiEGetxo Wa 211027 200um (2),EMOBON_PiEGetxo_Wa_31,0.502835,HPLC (Alliance HPLC System) following the method described by Zapata et al. 2000,15.18,EXO2 multiparameter sonde,15.18,EXO2 multiparameter sonde,32.81,EXO2 multiparameter sonde,32.81,EXO2 multiparameter sonde,,,,,,,,,,40.6864,EXO2 multiparameter sonde,,,,,,,,,,,,,,,,,,,,,,,7.32,EXO2 multiparameter sonde,,,,,,,,,,,Aloxanthin: 0;Anteraxanthin: 0;α-carotene: 0;B-carotene: 0;Bfu: 0;Clorofyll b: 0.138374258;clorophyll C1: 0;clorophyll C2: 0.026793001;Crocoxanthin: 0;Diadinoxanthin: 0;Diatoxanthin: 0;Dinoxanthin: 0;Fucoxanthin: 0.048811447;Hfu: 0;Lutein: 0;Neoxanthin: 0;Peridinin: 0;Prasinoxanthin: 0;Violaxanthin: 0;Zeaxanthin: 0,HPLC (Alliance HPLC System) following the method described by Zapata et al. 2000,,,,,,,,,,,0,,,
EMO BON PiEGetxo Wa 211027 200um (3),EMOBON_PiEGetxo_Wa_32,0.502835,HPLC (Alliance HPLC System) following the method described by Zapata et al. 2000,15.18,EXO2 multiparameter sonde,15.18,EXO2 multiparameter sonde,32.81,EXO2 multiparameter sonde,32.81,EXO2 multiparameter sonde,,,,,,,,,,40.6864,EXO2 multiparameter sonde,,,,,,,,,,,,,,,,,,,,,,,7.32,EXO2 multiparameter sonde,,,,,,,,,,,Aloxanthin: 0;Anteraxanthin: 0;α-carotene: 0;B-carotene: 0;Bfu: 0;Clorofyll b: 0.138374258;clorophyll C1: 0;clorophyll C2: 0.026793001;Crocoxanthin: 0;Diadinoxanthin: 0;Diatoxanthin: 0;Dinoxanthin: 0;Fucoxanthin: 0.048811447;Hfu: 0;Lutein: 0;Neoxanthin: 0;Peridinin: 0;Prasinoxanthin: 0;Violaxanthin: 0;Zeaxanthin: 0,HPLC (Alliance HPLC System) following the method described by Zapata et al. 2000,,,,,,,,,,,0,,,
EMO BON PiEGetxo Wa 211027 200um (4),EMOBON_PiEGetxo_Wa_33,0.502835,HPLC (Alliance HPLC System) following the method described by Zapata et al. 2000,15.18,EXO2 multiparameter sonde,15.18,EXO2 multiparameter sonde,32.81,EXO2 multiparameter sonde,32.81,EXO2 multiparameter sonde,,,,,,,,,,40.6864,EXO2 multiparameter sonde,,,,,,,,,,,,,,,,,,,,,,,7.32,EXO2 multiparameter sonde,,,,,,,,,,,Aloxanthin: 0;Anteraxanthin: 0;α-carotene: 0;B-carotene: 0;Bfu: 0;Clorofyll b: 0.138374258;clorophyll C1: 0;clorophyll C2: 0.026793001;Crocoxanthin: 0;Diadinoxanthin: 0;Diatoxanthin: 0;Dinoxanthin: 0;Fucoxanthin: 0.048811447;Hfu: 0;Lutein: 0;Neoxanthin: 0;Peridinin: 0;Prasinoxanthin: 0;Violaxanthin: 0;Zeaxanthin: 0,HPLC (Alliance HPLC System) following the method described by Zapata et al. 2000,,,,,,,,,,,0,,,
EMO BON PiEGetxo Wa 211027 200um (BLANK),EMOBON_PiEGetxo_Wa_34,NA,NA,NA,NA,NA,NA,NA,NA,NA,NA,NA,NA,NA,NA,NA,NA,NA,NA,NA,NA,NA,NA,NA,NA,NA,NA,NA,NA,NA,NA,NA,NA,NA,NA,NA,NA,NA,NA,NA,NA,NA,NA,NA,NA,NA,NA,NA,NA,NA,NA,NA,NA,NA,NA,NA,NA,NA,NA,NA,NA,NA,NA,NA,NA,NA,NA,NA,NA,NA,NA,NA
EMO BON PiEGetxo Wa 211027 200um (BLANK1),EMOBON_PiEGetxo_Wa_35,NA,NA,NA,NA,NA,NA,NA,NA,NA,NA,NA,NA,NA,NA,NA,NA,NA,NA,NA,NA,NA,NA,NA,NA,NA,NA,NA,NA,NA,NA,NA,NA,NA,NA,NA,NA,NA,NA,NA,NA,NA,NA,NA,NA,NA,NA,NA,NA,NA,NA,NA,NA,NA,NA,NA,NA,NA,NA,NA,NA,NA,NA,NA,NA,NA,NA,NA,NA,NA,NA,NA
EMO BON PiEGetxo Wa 211222 20um (1),EMOBON_PiEGetxo_Wa_36,0.24807,HPLC (Alliance HPLC System) following the method described by Zapata et al. 2000,11.35,EXO2 multiparameter sonde,11.35,EXO2 multiparameter sonde,18.27,EXO2 multiparameter sonde,18.27,EXO2 multiparameter sonde,,,,,,,,,,21.8465,EXO2 multiparameter sonde,,,,,,,,,,,,,,,,,,,,,,,7.19,EXO2 multiparameter sonde,,,,,,,,,,,Aloxanthin: 0.006728683;Anteraxanthin: 0;B-carotene: 0;Bfu: 0;Clorofyll b: 0.076512581;clorophyll C1: 0;clorophyll C2: 0;Crocoxanthin: 0;Diadinoxanthin: 0;Diatoxanthin: 0;Dinoxanthin: 0;Fucoxanthin: 0.014319685;Hfu: 0;Lutein: 0.021582984;Neoxanthin: 0;Peridinin: 0;Prasinoxanthin: 0;Violaxanthin: 0;Zeaxanthin: 0.014383848,HPLC (Alliance HPLC System) following the method described by Zapata et al. 2000,,,,,,,,,,,0,,,
EMO BON PiEGetxo Wa 211222 20um (2),EMOBON_PiEGetxo_Wa_37,0.24807,HPLC (Alliance HPLC System) following the method described by Zapata et al. 2000,11.35,EXO2 multiparameter sonde,11.35,EXO2 multiparameter sonde,18.27,EXO2 multiparameter sonde,18.27,EXO2 multiparameter sonde,,,,,,,,,,21.8465,EXO2 multiparameter sonde,,,,,,,,,,,,,,,,,,,,,,,7.19,EXO2 multiparameter sonde,,,,,,,,,,,Aloxanthin: 0.006728683;Anteraxanthin: 0;B-carotene: 0;Bfu: 0;Clorofyll b: 0.076512581;clorophyll C1: 0;clorophyll C2: 0;Crocoxanthin: 0;Diadinoxanthin: 0;Diatoxanthin: 0;Dinoxanthin: 0;Fucoxanthin: 0.014319685;Hfu: 0;Lutein: 0.021582984;Neoxanthin: 0;Peridinin: 0;Prasinoxanthin: 0;Violaxanthin: 0;Zeaxanthin: 0.014383848,HPLC (Alliance HPLC System) following the method described by Zapata et al. 2000,,,,,,,,,,,0,,,
EMO BON PiEGetxo Wa 211222 20um (3),EMOBON_PiEGetxo_Wa_38,0.24807,HPLC (Alliance HPLC System) following the method described by Zapata et al. 2000,11.35,EXO2 multiparameter sonde,11.35,EXO2 multiparameter sonde,18.27,EXO2 multiparameter sonde,18.27,EXO2 multiparameter sonde,,,,,,,,,,21.8465,EXO2 multiparameter sonde,,,,,,,,,,,,,,,,,,,,,,,7.19,EXO2 multiparameter sonde,,,,,,,,,,,Aloxanthin: 0.006728683;Anteraxanthin: 0;B-carotene: 0;Bfu: 0;Clorofyll b: 0.076512581;clorophyll C1: 0;clorophyll C2: 0;Crocoxanthin: 0;Diadinoxanthin: 0;Diatoxanthin: 0;Dinoxanthin: 0;Fucoxanthin: 0.014319685;Hfu: 0;Lutein: 0.021582984;Neoxanthin: 0;Peridinin: 0;Prasinoxanthin: 0;Violaxanthin: 0;Zeaxanthin: 0.014383848,HPLC (Alliance HPLC System) following the method described by Zapata et al. 2000,,,,,,,,,,,0,,,
EMO BON PiEGetxo Wa 211222 20um (4),EMOBON_PiEGetxo_Wa_39,0.24807,HPLC (Alliance HPLC System) following the method described by Zapata et al. 2000,11.35,EXO2 multiparameter sonde,11.35,EXO2 multiparameter sonde,18.27,EXO2 multiparameter sonde,18.27,EXO2 multiparameter sonde,,,,,,,,,,21.8465,EXO2 multiparameter sonde,,,,,,,,,,,,,,,,,,,,,,,7.19,EXO2 multiparameter sonde,,,,,,,,,,,Aloxanthin: 0.006728683;Anteraxanthin: 0;B-carotene: 0;Bfu: 0;Clorofyll b: 0.076512581;clorophyll C1: 0;clorophyll C2: 0;Crocoxanthin: 0;Diadinoxanthin: 0;Diatoxanthin: 0;Dinoxanthin: 0;Fucoxanthin: 0.014319685;Hfu: 0;Lutein: 0.021582984;Neoxanthin: 0;Peridinin: 0;Prasinoxanthin: 0;Violaxanthin: 0;Zeaxanthin: 0.014383848,HPLC (Alliance HPLC System) following the method described by Zapata et al. 2000,,,,,,,,,,,0,,,
EMO BON PiEGetxo Wa 211222 20um (BLANK),EMOBON_PiEGetxo_Wa_40,NA,NA,NA,NA,NA,NA,NA,NA,NA,NA,NA,NA,NA,NA,NA,NA,NA,NA,NA,NA,NA,NA,NA,NA,NA,NA,NA,NA,NA,NA,NA,NA,NA,NA,NA,NA,NA,NA,NA,NA,NA,NA,NA,NA,NA,NA,NA,NA,NA,NA,NA,NA,NA,NA,NA,NA,NA,NA,NA,NA,NA,NA,NA,NA,NA,NA,NA,NA,NA,NA,NA
EMO BON PiEGetxo Wa 211222 20um (BLANK1),EMOBON_PiEGetxo_Wa_41,NA,NA,NA,NA,NA,NA,NA,NA,NA,NA,NA,NA,NA,NA,NA,NA,NA,NA,NA,NA,NA,NA,NA,NA,NA,NA,NA,NA,NA,NA,NA,NA,NA,NA,NA,NA,NA,NA,NA,NA,NA,NA,NA,NA,NA,NA,NA,NA,NA,NA,NA,NA,NA,NA,NA,NA,NA,NA,NA,NA,NA,NA,NA,NA,NA,NA,NA,NA,NA,NA,NA
EMO BON PiEGetxo Wa 211222 200um (1),EMOBON_PiEGetxo_Wa_42,0.24807,HPLC (Alliance HPLC System) following the method described by Zapata et al. 2000,11.35,EXO2 multiparameter sonde,11.35,EXO2 multiparameter sonde,18.27,EXO2 multiparameter sonde,18.27,EXO2 multiparameter sonde,,,,,,,,,,21.8465,EXO2 multiparameter sonde,,,,,,,,,,,,,,,,,,,,,,,7.19,EXO2 multiparameter sonde,,,,,,,,,,,Aloxanthin: 0.006728683;Anteraxanthin: 0;B-carotene: 0;Bfu: 0;Clorofyll b: 0.076512581;clorophyll C1: 0;clorophyll C2: 0;Crocoxanthin: 0;Diadinoxanthin: 0;Diatoxanthin: 0;Dinoxanthin: 0;Fucoxanthin: 0.014319685;Hfu: 0;Lutein: 0.021582984;Neoxanthin: 0;Peridinin: 0;Prasinoxanthin: 0;Violaxanthin: 0;Zeaxanthin: 0.014383848,HPLC (Alliance HPLC System) following the method described by Zapata et al. 2000,,,,,,,,,,,0,,,
EMO BON PiEGetxo Wa 211222 200um (2),EMOBON_PiEGetxo_Wa_43,0.24807,HPLC (Alliance HPLC System) following the method described by Zapata et al. 2000,11.35,EXO2 multiparameter sonde,11.35,EXO2 multiparameter sonde,18.27,EXO2 multiparameter sonde,18.27,EXO2 multiparameter sonde,,,,,,,,,,21.8465,EXO2 multiparameter sonde,,,,,,,,,,,,,,,,,,,,,,,7.19,EXO2 multiparameter sonde,,,,,,,,,,,Aloxanthin: 0.006728683;Anteraxanthin: 0;B-carotene: 0;Bfu: 0;Clorofyll b: 0.076512581;clorophyll C1: 0;clorophyll C2: 0;Crocoxanthin: 0;Diadinoxanthin: 0;Diatoxanthin: 0;Dinoxanthin: 0;Fucoxanthin: 0.014319685;Hfu: 0;Lutein: 0.021582984;Neoxanthin: 0;Peridinin: 0;Prasinoxanthin: 0;Violaxanthin: 0;Zeaxanthin: 0.014383848,HPLC (Alliance HPLC System) following the method described by Zapata et al. 2000,,,,,,,,,,,0,,,
EMO BON PiEGetxo Wa 211222 200um (3),EMOBON_PiEGetxo_Wa_44,0.24807,HPLC (Alliance HPLC System) following the method described by Zapata et al. 2000,11.35,EXO2 multiparameter sonde,11.35,EXO2 multiparameter sonde,18.27,EXO2 multiparameter sonde,18.27,EXO2 multiparameter sonde,,,,,,,,,,21.8465,EXO2 multiparameter sonde,,,,,,,,,,,,,,,,,,,,,,,7.19,EXO2 multiparameter sonde,,,,,,,,,,,Aloxanthin: 0.006728683;Anteraxanthin: 0;B-carotene: 0;Bfu: 0;Clorofyll b: 0.076512581;clorophyll C1: 0;clorophyll C2: 0;Crocoxanthin: 0;Diadinoxanthin: 0;Diatoxanthin: 0;Dinoxanthin: 0;Fucoxanthin: 0.014319685;Hfu: 0;Lutein: 0.021582984;Neoxanthin: 0;Peridinin: 0;Prasinoxanthin: 0;Violaxanthin: 0;Zeaxanthin: 0.014383848,HPLC (Alliance HPLC System) following the method described by Zapata et al. 2000,,,,,,,,,,,0,,,
EMO BON PiEGetxo Wa 211222 200um (4),EMOBON_PiEGetxo_Wa_45,0.24807,HPLC (Alliance HPLC System) following the method described by Zapata et al. 2000,11.35,EXO2 multiparameter sonde,11.35,EXO2 multiparameter sonde,18.27,EXO2 multiparameter sonde,18.27,EXO2 multiparameter sonde,,,,,,,,,,21.8465,EXO2 multiparameter sonde,,,,,,,,,,,,,,,,,,,,,,,7.19,EXO2 multiparameter sonde,,,,,,,,,,,Aloxanthin: 0.006728683;Anteraxanthin: 0;B-carotene: 0;Bfu: 0;Clorofyll b: 0.076512581;clorophyll C1: 0;clorophyll C2: 0;Crocoxanthin: 0;Diadinoxanthin: 0;Diatoxanthin: 0;Dinoxanthin: 0;Fucoxanthin: 0.014319685;Hfu: 0;Lutein: 0.021582984;Neoxanthin: 0;Peridinin: 0;Prasinoxanthin: 0;Violaxanthin: 0;Zeaxanthin: 0.014383848,HPLC (Alliance HPLC System) following the method described by Zapata et al. 2000,,,,,,,,,,,0,,,
EMO BON PiEGetxo Wa 211222 200um (BLANK),EMOBON_PiEGetxo_Wa_46,NA,NA,NA,NA,NA,NA,NA,NA,NA,NA,NA,NA,NA,NA,NA,NA,NA,NA,NA,NA,NA,NA,NA,NA,NA,NA,NA,NA,NA,NA,NA,NA,NA,NA,NA,NA,NA,NA,NA,NA,NA,NA,NA,NA,NA,NA,NA,NA,NA,NA,NA,NA,NA,NA,NA,NA,NA,NA,NA,NA,NA,NA,NA,NA,NA,NA,NA,NA,NA,NA,NA
EMO BON PiEGetxo Wa 211222 200um (BLANK1),EMOBON_PiEGetxo_Wa_47,NA,NA,NA,NA,NA,NA,NA,NA,NA,NA,NA,NA,NA,NA,NA,NA,NA,NA,NA,NA,NA,NA,NA,NA,NA,NA,NA,NA,NA,NA,NA,NA,NA,NA,NA,NA,NA,NA,NA,NA,NA,NA,NA,NA,NA,NA,NA,NA,NA,NA,NA,NA,NA,NA,NA,NA,NA,NA,NA,NA,NA,NA,NA,NA,NA,NA,NA,NA,NA,NA,NA
EMO BON PiEGetxo Wa  211222  3um (1),EMOBON_PiEGetxo_Wa_48,0.24807,HPLC (Alliance HPLC System) following the method described by Zapata et al. 2000,11.35,EXO2 multiparameter sonde,11.35,EXO2 multiparameter sonde,18.27,EXO2 multiparameter sonde,18.27,EXO2 multiparameter sonde,,,,,,,,,,21.8465,EXO2 multiparameter sonde,,,,,,,,,,,,,,,,,,,,,,,7.19,EXO2 multiparameter sonde,,,,,,,,,,,Aloxanthin: 0.006728683;Anteraxanthin: 0;B-carotene: 0;Bfu: 0;Clorofyll b: 0.076512581;clorophyll C1: 0;clorophyll C2: 0;Crocoxanthin: 0;Diadinoxanthin: 0;Diatoxanthin: 0;Dinoxanthin: 0;Fucoxanthin: 0.014319685;Hfu: 0;Lutein: 0.021582984;Neoxanthin: 0;Peridinin: 0;Prasinoxanthin: 0;Violaxanthin: 0;Zeaxanthin: 0.014383848,HPLC (Alliance HPLC System) following the method described by Zapata et al. 2000,,,,,,,,,,,0,,,
EMO BON PiEGetxo Wa  211222 3um (2),EMOBON_PiEGetxo_Wa_49,0.24807,HPLC (Alliance HPLC System) following the method described by Zapata et al. 2000,11.35,EXO2 multiparameter sonde,11.35,EXO2 multiparameter sonde,18.27,EXO2 multiparameter sonde,18.27,EXO2 multiparameter sonde,,,,,,,,,,21.8465,EXO2 multiparameter sonde,,,,,,,,,,,,,,,,,,,,,,,7.19,EXO2 multiparameter sonde,,,,,,,,,,,Aloxanthin: 0.006728683;Anteraxanthin: 0;B-carotene: 0;Bfu: 0;Clorofyll b: 0.076512581;clorophyll C1: 0;clorophyll C2: 0;Crocoxanthin: 0;Diadinoxanthin: 0;Diatoxanthin: 0;Dinoxanthin: 0;Fucoxanthin: 0.014319685;Hfu: 0;Lutein: 0.021582984;Neoxanthin: 0;Peridinin: 0;Prasinoxanthin: 0;Violaxanthin: 0;Zeaxanthin: 0.014383848,HPLC (Alliance HPLC System) following the method described by Zapata et al. 2000,,,,,,,,,,,0,,,
EMO BON PiEGetxo Wa  211222  0.2um (1),EMOBON_PiEGetxo_Wa_50,0.24807,HPLC (Alliance HPLC System) following the method described by Zapata et al. 2000,11.35,EXO2 multiparameter sonde,11.35,EXO2 multiparameter sonde,18.27,EXO2 multiparameter sonde,18.27,EXO2 multiparameter sonde,,,,,,,,,,21.8465,EXO2 multiparameter sonde,,,,,,,,,,,,,,,,,,,,,,,7.19,EXO2 multiparameter sonde,,,,,,,,,,,Aloxanthin: 0.006728683;Anteraxanthin: 0;B-carotene: 0;Bfu: 0;Clorofyll b: 0.076512581;clorophyll C1: 0;clorophyll C2: 0;Crocoxanthin: 0;Diadinoxanthin: 0;Diatoxanthin: 0;Dinoxanthin: 0;Fucoxanthin: 0.014319685;Hfu: 0;Lutein: 0.021582984;Neoxanthin: 0;Peridinin: 0;Prasinoxanthin: 0;Violaxanthin: 0;Zeaxanthin: 0.014383848,HPLC (Alliance HPLC System) following the method described by Zapata et al. 2000,,,,,,,,,,,0,,,
EMO BON PiEGetxo Wa  211222  0.2um (2),EMOBON_PiEGetxo_Wa_51,0.24807,HPLC (Alliance HPLC System) following the method described by Zapata et al. 2000,11.35,EXO2 multiparameter sonde,11.35,EXO2 multiparameter sonde,18.27,EXO2 multiparameter sonde,18.27,EXO2 multiparameter sonde,,,,,,,,,,21.8465,EXO2 multiparameter sonde,,,,,,,,,,,,,,,,,,,,,,,7.19,EXO2 multiparameter sonde,,,,,,,,,,,Aloxanthin: 0.006728683;Anteraxanthin: 0;B-carotene: 0;Bfu: 0;Clorofyll b: 0.076512581;clorophyll C1: 0;clorophyll C2: 0;Crocoxanthin: 0;Diadinoxanthin: 0;Diatoxanthin: 0;Dinoxanthin: 0;Fucoxanthin: 0.014319685;Hfu: 0;Lutein: 0.021582984;Neoxanthin: 0;Peridinin: 0;Prasinoxanthin: 0;Violaxanthin: 0;Zeaxanthin: 0.014383848,HPLC (Alliance HPLC System) following the method described by Zapata et al. 2000,,,,,,,,,,,0,,,
EMO BON PiEGetxo Wa  211222 3um (BLANK),EMOBON_PiEGetxo_Wa_52,NA,NA,NA,NA,NA,NA,NA,NA,NA,NA,NA,NA,NA,NA,NA,NA,NA,NA,NA,NA,NA,NA,NA,NA,NA,NA,NA,NA,NA,NA,NA,NA,NA,NA,NA,NA,NA,NA,NA,NA,NA,NA,NA,NA,NA,NA,NA,NA,NA,NA,NA,NA,NA,NA,NA,NA,NA,NA,NA,NA,NA,NA,NA,NA,NA,NA,NA,NA,NA,NA,NA
EMO BON PiEGetxo Wa  211222  0.2um (BLANK),EMOBON_PiEGetxo_Wa_53,NA,NA,NA,NA,NA,NA,NA,NA,NA,NA,NA,NA,NA,NA,NA,NA,NA,NA,NA,NA,NA,NA,NA,NA,NA,NA,NA,NA,NA,NA,NA,NA,NA,NA,NA,NA,NA,NA,NA,NA,NA,NA,NA,NA,NA,NA,NA,NA,NA,NA,NA,NA,NA,NA,NA,NA,NA,NA,NA,NA,NA,NA,NA,NA,NA,NA,NA,NA,NA,NA,NA
EMO BON PiEGetxo Wa  211222  3um (3),EMOBON_PiEGetxo_Wa_54,0.24807,HPLC (Alliance HPLC System) following the method described by Zapata et al. 2000,11.35,EXO2 multiparameter sonde,11.35,EXO2 multiparameter sonde,18.27,EXO2 multiparameter sonde,18.27,EXO2 multiparameter sonde,,,,,,,,,,21.8465,EXO2 multiparameter sonde,,,,,,,,,,,,,,,,,,,,,,,7.19,EXO2 multiparameter sonde,,,,,,,,,,,Aloxanthin: 0.006728683;Anteraxanthin: 0;B-carotene: 0;Bfu: 0;Clorofyll b: 0.076512581;clorophyll C1: 0;clorophyll C2: 0;Crocoxanthin: 0;Diadinoxanthin: 0;Diatoxanthin: 0;Dinoxanthin: 0;Fucoxanthin: 0.014319685;Hfu: 0;Lutein: 0.021582984;Neoxanthin: 0;Peridinin: 0;Prasinoxanthin: 0;Violaxanthin: 0;Zeaxanthin: 0.014383848,HPLC (Alliance HPLC System) following the method described by Zapata et al. 2000,,,,,,,,,,,0,,,
EMO BON PiEGetxo Wa  211222  3um (4),EMOBON_PiEGetxo_Wa_55,0.24807,HPLC (Alliance HPLC System) following the method described by Zapata et al. 2000,11.35,EXO2 multiparameter sonde,11.35,EXO2 multiparameter sonde,18.27,EXO2 multiparameter sonde,18.27,EXO2 multiparameter sonde,,,,,,,,,,21.8465,EXO2 multiparameter sonde,,,,,,,,,,,,,,,,,,,,,,,7.19,EXO2 multiparameter sonde,,,,,,,,,,,Aloxanthin: 0.006728683;Anteraxanthin: 0;B-carotene: 0;Bfu: 0;Clorofyll b: 0.076512581;clorophyll C1: 0;clorophyll C2: 0;Crocoxanthin: 0;Diadinoxanthin: 0;Diatoxanthin: 0;Dinoxanthin: 0;Fucoxanthin: 0.014319685;Hfu: 0;Lutein: 0.021582984;Neoxanthin: 0;Peridinin: 0;Prasinoxanthin: 0;Violaxanthin: 0;Zeaxanthin: 0.014383848,HPLC (Alliance HPLC System) following the method described by Zapata et al. 2000,,,,,,,,,,,0,,,
EMO BON PiEGetxo Wa  211222  0.2um (3),EMOBON_PiEGetxo_Wa_56,0.24807,HPLC (Alliance HPLC System) following the method described by Zapata et al. 2000,11.35,EXO2 multiparameter sonde,11.35,EXO2 multiparameter sonde,18.27,EXO2 multiparameter sonde,18.27,EXO2 multiparameter sonde,,,,,,,,,,21.8465,EXO2 multiparameter sonde,,,,,,,,,,,,,,,,,,,,,,,7.19,EXO2 multiparameter sonde,,,,,,,,,,,Aloxanthin: 0.006728683;Anteraxanthin: 0;B-carotene: 0;Bfu: 0;Clorofyll b: 0.076512581;clorophyll C1: 0;clorophyll C2: 0;Crocoxanthin: 0;Diadinoxanthin: 0;Diatoxanthin: 0;Dinoxanthin: 0;Fucoxanthin: 0.014319685;Hfu: 0;Lutein: 0.021582984;Neoxanthin: 0;Peridinin: 0;Prasinoxanthin: 0;Violaxanthin: 0;Zeaxanthin: 0.014383848,HPLC (Alliance HPLC System) following the method described by Zapata et al. 2000,,,,,,,,,,,0,,,
EMO BON PiEGetxo Wa  211222  0.2um (4),EMOBON_PiEGetxo_Wa_57,0.24807,HPLC (Alliance HPLC System) following the method described by Zapata et al. 2000,11.35,EXO2 multiparameter sonde,11.35,EXO2 multiparameter sonde,18.27,EXO2 multiparameter sonde,18.27,EXO2 multiparameter sonde,,,,,,,,,,21.8465,EXO2 multiparameter sonde,,,,,,,,,,,,,,,,,,,,,,,7.19,EXO2 multiparameter sonde,,,,,,,,,,,Aloxanthin: 0.006728683;Anteraxanthin: 0;B-carotene: 0;Bfu: 0;Clorofyll b: 0.076512581;clorophyll C1: 0;clorophyll C2: 0;Crocoxanthin: 0;Diadinoxanthin: 0;Diatoxanthin: 0;Dinoxanthin: 0;Fucoxanthin: 0.014319685;Hfu: 0;Lutein: 0.021582984;Neoxanthin: 0;Peridinin: 0;Prasinoxanthin: 0;Violaxanthin: 0;Zeaxanthin: 0.014383848,HPLC (Alliance HPLC System) following the method described by Zapata et al. 2000,,,,,,,,,,,0,,,
EMO BON PiEGetxo Wa  211222  3um (BLANK1),EMOBON_PiEGetxo_Wa_58,NA,NA,NA,NA,NA,NA,NA,NA,NA,NA,NA,NA,NA,NA,NA,NA,NA,NA,NA,NA,NA,NA,NA,NA,NA,NA,NA,NA,NA,NA,NA,NA,NA,NA,NA,NA,NA,NA,NA,NA,NA,NA,NA,NA,NA,NA,NA,NA,NA,NA,NA,NA,NA,NA,NA,NA,NA,NA,NA,NA,NA,NA,NA,NA,NA,NA,NA,NA,NA,NA,NA
EMO BON PiEGetxo Wa  211222  0.2um (BLANK1),EMOBON_PiEGetxo_Wa_59,NA,NA,NA,NA,NA,NA,NA,NA,NA,NA,NA,NA,NA,NA,NA,NA,NA,NA,NA,NA,NA,NA,NA,NA,NA,NA,NA,NA,NA,NA,NA,NA,NA,NA,NA,NA,NA,NA,NA,NA,NA,NA,NA,NA,NA,NA,NA,NA,NA,NA,NA,NA,NA,NA,NA,NA,NA,NA,NA,NA,NA,NA,NA,NA,NA,NA,NA,NA,NA,NA,NA
EMO BON PiEGetxo Wa 220221 3um (1),EMOBON_PiEGetxo_Wa_60,1.078,HPLC (Alliance HPLC System) following the method described by Zapata et al. 2000,11.89,EXO2 multiparameter sonde,11.89,EXO2 multiparameter sonde,28.72,EXO2 multiparameter sonde,28.72,EXO2 multiparameter sonde,,,,,,,,,,34.4434,EXO2 multiparameter sonde,,,,,,,,,,,,,,,,,,,,,,,7.12,EXO2 multiparameter sonde,,,,,,,,,,,clorophyll C2: 0.044;clorophyll C1: 0.014;Peridinin: 0;Bfu: 0;Fucoxanthin: 0.126;Neoxanthin: 0.017;Prasinoxanthin: 0.000;Violaxanthin: 0.018;Hfu: 0.000;Diadinoxanthin: 0.028;Dinoxanthin: 0.000;Anteraxanthin: 0.000;Aloxanthin: 0.028;Diatoxanthin: 0.000;Zeaxanthin: 0.000;Lutein: 0.033;Crocoxanthin: 0.000;Clorofyll b: 0.384;α-carotene: 0;B-carotene: 0.038,HPLC (Alliance HPLC System) following the method described by Zapata et al. 2000,,,,,,,,,,,,,,
EMO BON PiEGetxo Wa 220221 3um (2),EMOBON_PiEGetxo_Wa_61,1.078,HPLC (Alliance HPLC System) following the method described by Zapata et al. 2000,11.89,EXO2 multiparameter sonde,11.89,EXO2 multiparameter sonde,28.72,EXO2 multiparameter sonde,28.72,EXO2 multiparameter sonde,,,,,,,,,,34.4434,EXO2 multiparameter sonde,,,,,,,,,,,,,,,,,,,,,,,7.12,EXO2 multiparameter sonde,,,,,,,,,,,clorophyll C2: 0.044;clorophyll C1: 0.014;Peridinin: 0;Bfu: 0;Fucoxanthin: 0.126;Neoxanthin: 0.017;Prasinoxanthin: 0.000;Violaxanthin: 0.018;Hfu: 0.000;Diadinoxanthin: 0.028;Dinoxanthin: 0.000;Anteraxanthin: 0.000;Aloxanthin: 0.028;Diatoxanthin: 0.000;Zeaxanthin: 0.000;Lutein: 0.033;Crocoxanthin: 0.000;Clorofyll b: 0.384;α-carotene: 0;B-carotene: 0.038,HPLC (Alliance HPLC System) following the method described by Zapata et al. 2000,,,,,,,,,,,,,,
EMO BON PiEGetxo Wa 220221 0.2um (1),EMOBON_PiEGetxo_Wa_62,1.078,HPLC (Alliance HPLC System) following the method described by Zapata et al. 2000,11.89,EXO2 multiparameter sonde,11.89,EXO2 multiparameter sonde,28.72,EXO2 multiparameter sonde,28.72,EXO2 multiparameter sonde,,,,,,,,,,34.4434,EXO2 multiparameter sonde,,,,,,,,,,,,,,,,,,,,,,,7.12,EXO2 multiparameter sonde,,,,,,,,,,,clorophyll C2: 0.044;clorophyll C1: 0.014;Peridinin: 0;Bfu: 0;Fucoxanthin: 0.126;Neoxanthin: 0.017;Prasinoxanthin: 0.000;Violaxanthin: 0.018;Hfu: 0.000;Diadinoxanthin: 0.028;Dinoxanthin: 0.000;Anteraxanthin: 0.000;Aloxanthin: 0.028;Diatoxanthin: 0.000;Zeaxanthin: 0.000;Lutein: 0.033;Crocoxanthin: 0.000;Clorofyll b: 0.384;α-carotene: 0;B-carotene: 0.038,HPLC (Alliance HPLC System) following the method described by Zapata et al. 2000,,,,,,,,,,,,,,
EMO BON PiEGetxo Wa 220221 0.2um (2),EMOBON_PiEGetxo_Wa_63,1.078,HPLC (Alliance HPLC System) following the method described by Zapata et al. 2000,11.89,EXO2 multiparameter sonde,11.89,EXO2 multiparameter sonde,28.72,EXO2 multiparameter sonde,28.72,EXO2 multiparameter sonde,,,,,,,,,,34.4434,EXO2 multiparameter sonde,,,,,,,,,,,,,,,,,,,,,,,7.12,EXO2 multiparameter sonde,,,,,,,,,,,clorophyll C2: 0.044;clorophyll C1: 0.014;Peridinin: 0;Bfu: 0;Fucoxanthin: 0.126;Neoxanthin: 0.017;Prasinoxanthin: 0.000;Violaxanthin: 0.018;Hfu: 0.000;Diadinoxanthin: 0.028;Dinoxanthin: 0.000;Anteraxanthin: 0.000;Aloxanthin: 0.028;Diatoxanthin: 0.000;Zeaxanthin: 0.000;Lutein: 0.033;Crocoxanthin: 0.000;Clorofyll b: 0.384;α-carotene: 0;B-carotene: 0.038,HPLC (Alliance HPLC System) following the method described by Zapata et al. 2000,,,,,,,,,,,,,,
EMO BON PiEGetxo Wa 220221 3um (BLANK),EMOBON_PiEGetxo_Wa_64,NA,NA,NA,NA,NA,NA,NA,NA,NA,NA,NA,NA,NA,NA,NA,NA,NA,NA,NA,NA,NA,NA,NA,NA,NA,NA,NA,NA,NA,NA,NA,NA,NA,NA,NA,NA,NA,NA,NA,NA,NA,NA,NA,NA,NA,NA,NA,NA,NA,NA,NA,NA,NA,NA,NA,NA,NA,NA,NA,NA,NA,NA,NA,NA,NA,NA,NA,NA,NA,NA,NA
EMO BON PiEGetxo Wa 220221 0.2um (BLANK),EMOBON_PiEGetxo_Wa_65,NA,NA,NA,NA,NA,NA,NA,NA,NA,NA,NA,NA,NA,NA,NA,NA,NA,NA,NA,NA,NA,NA,NA,NA,NA,NA,NA,NA,NA,NA,NA,NA,NA,NA,NA,NA,NA,NA,NA,NA,NA,NA,NA,NA,NA,NA,NA,NA,NA,NA,NA,NA,NA,NA,NA,NA,NA,NA,NA,NA,NA,NA,NA,NA,NA,NA,NA,NA,NA,NA,NA
EMO BON PiEGetxo Wa 220221 3um (3),EMOBON_PiEGetxo_Wa_66,1.078,HPLC (Alliance HPLC System) following the method described by Zapata et al. 2000,11.89,EXO2 multiparameter sonde,11.89,EXO2 multiparameter sonde,28.72,EXO2 multiparameter sonde,28.72,EXO2 multiparameter sonde,,,,,,,,,,34.4434,EXO2 multiparameter sonde,,,,,,,,,,,,,,,,,,,,,,,7.12,EXO2 multiparameter sonde,,,,,,,,,,,clorophyll C2: 0.044;clorophyll C1: 0.014;Peridinin: 0;Bfu: 0;Fucoxanthin: 0.126;Neoxanthin: 0.017;Prasinoxanthin: 0.000;Violaxanthin: 0.018;Hfu: 0.000;Diadinoxanthin: 0.028;Dinoxanthin: 0.000;Anteraxanthin: 0.000;Aloxanthin: 0.028;Diatoxanthin: 0.000;Zeaxanthin: 0.000;Lutein: 0.033;Crocoxanthin: 0.000;Clorofyll b: 0.384;α-carotene: 0;B-carotene: 0.038,HPLC (Alliance HPLC System) following the method described by Zapata et al. 2000,,,,,,,,,,,,,,
EMO BON PiEGetxo Wa 220221 3um (4),EMOBON_PiEGetxo_Wa_67,1.078,HPLC (Alliance HPLC System) following the method described by Zapata et al. 2000,11.89,EXO2 multiparameter sonde,11.89,EXO2 multiparameter sonde,28.72,EXO2 multiparameter sonde,28.72,EXO2 multiparameter sonde,,,,,,,,,,34.4434,EXO2 multiparameter sonde,,,,,,,,,,,,,,,,,,,,,,,7.12,EXO2 multiparameter sonde,,,,,,,,,,,clorophyll C2: 0.044;clorophyll C1: 0.014;Peridinin: 0;Bfu: 0;Fucoxanthin: 0.126;Neoxanthin: 0.017;Prasinoxanthin: 0.000;Violaxanthin: 0.018;Hfu: 0.000;Diadinoxanthin: 0.028;Dinoxanthin: 0.000;Anteraxanthin: 0.000;Aloxanthin: 0.028;Diatoxanthin: 0.000;Zeaxanthin: 0.000;Lutein: 0.033;Crocoxanthin: 0.000;Clorofyll b: 0.384;α-carotene: 0;B-carotene: 0.038,HPLC (Alliance HPLC System) following the method described by Zapata et al. 2000,,,,,,,,,,,,,,
EMO BON PiEGetxo Wa 220221 0.2um (3),EMOBON_PiEGetxo_Wa_68,1.078,HPLC (Alliance HPLC System) following the method described by Zapata et al. 2000,11.89,EXO2 multiparameter sonde,11.89,EXO2 multiparameter sonde,28.72,EXO2 multiparameter sonde,28.72,EXO2 multiparameter sonde,,,,,,,,,,34.4434,EXO2 multiparameter sonde,,,,,,,,,,,,,,,,,,,,,,,7.12,EXO2 multiparameter sonde,,,,,,,,,,,clorophyll C2: 0.044;clorophyll C1: 0.014;Peridinin: 0;Bfu: 0;Fucoxanthin: 0.126;Neoxanthin: 0.017;Prasinoxanthin: 0.000;Violaxanthin: 0.018;Hfu: 0.000;Diadinoxanthin: 0.028;Dinoxanthin: 0.000;Anteraxanthin: 0.000;Aloxanthin: 0.028;Diatoxanthin: 0.000;Zeaxanthin: 0.000;Lutein: 0.033;Crocoxanthin: 0.000;Clorofyll b: 0.384;α-carotene: 0;B-carotene: 0.038,HPLC (Alliance HPLC System) following the method described by Zapata et al. 2000,,,,,,,,,,,,,,
EMO BON PiEGetxo Wa 220221 0.2um (4),EMOBON_PiEGetxo_Wa_69,1.078,HPLC (Alliance HPLC System) following the method described by Zapata et al. 2000,11.89,EXO2 multiparameter sonde,11.89,EXO2 multiparameter sonde,28.72,EXO2 multiparameter sonde,28.72,EXO2 multiparameter sonde,,,,,,,,,,34.4434,EXO2 multiparameter sonde,,,,,,,,,,,,,,,,,,,,,,,7.12,EXO2 multiparameter sonde,,,,,,,,,,,clorophyll C2: 0.044;clorophyll C1: 0.014;Peridinin: 0;Bfu: 0;Fucoxanthin: 0.126;Neoxanthin: 0.017;Prasinoxanthin: 0.000;Violaxanthin: 0.018;Hfu: 0.000;Diadinoxanthin: 0.028;Dinoxanthin: 0.000;Anteraxanthin: 0.000;Aloxanthin: 0.028;Diatoxanthin: 0.000;Zeaxanthin: 0.000;Lutein: 0.033;Crocoxanthin: 0.000;Clorofyll b: 0.384;α-carotene: 0;B-carotene: 0.038,HPLC (Alliance HPLC System) following the method described by Zapata et al. 2000,,,,,,,,,,,,,,
EMO BON PiEGetxo Wa 220221 3um (BLANK1),EMOBON_PiEGetxo_Wa_70,NA,NA,NA,NA,NA,NA,NA,NA,NA,NA,NA,NA,NA,NA,NA,NA,NA,NA,NA,NA,NA,NA,NA,NA,NA,NA,NA,NA,NA,NA,NA,NA,NA,NA,NA,NA,NA,NA,NA,NA,NA,NA,NA,NA,NA,NA,NA,NA,NA,NA,NA,NA,NA,NA,NA,NA,NA,NA,NA,NA,NA,NA,NA,NA,NA,NA,NA,NA,NA,NA,NA
EMO BON PiEGetxo Wa 220221 0.2um (BLANK1),EMOBON_PiEGetxo_Wa_71,NA,NA,NA,NA,NA,NA,NA,NA,NA,NA,NA,NA,NA,NA,NA,NA,NA,NA,NA,NA,NA,NA,NA,NA,NA,NA,NA,NA,NA,NA,NA,NA,NA,NA,NA,NA,NA,NA,NA,NA,NA,NA,NA,NA,NA,NA,NA,NA,NA,NA,NA,NA,NA,NA,NA,NA,NA,NA,NA,NA,NA,NA,NA,NA,NA,NA,NA,NA,NA,NA,NA
EMO BON PiEGetxo Wa 220425 3um (1),EMOBON_PiEGetxo_Wa_72,0.669,HPLC (Alliance HPLC System) following the method described by Zapata et al. 2000,13.45,EXO2 multiparameter sonde,13.45,EXO2 multiparameter sonde,9.44,EXO2 multiparameter sonde,9.44,EXO2 multiparameter sonde,,,,,,,,,,12.5248,EXO2 multiparameter sonde,,,,,,,,,,,,,,,,,,,,,,,7.65,EXO2 multiparameter sonde,,,,,,,,,,,Peridinin: 0.043;Bfu: 0.000;Fucoxanthin: 0.106;Neoxanthin: 0.000;Prasinoxanthin: 0.000;Violaxanthin: 0;Hfu: 0;Diadinoxanthin: 0.037;Dinoxanthin: 0;Anteraxanthin: 0;Aloxanthin: 0.028;Diatoxanthin: ;Zeaxanthin: 0.010;Lutein: 0.029;Crocoxanthin: ;Clorofyll b: 0.067;Clorofyll a: 0.669;α-carotene: ;B-carotene: 0.027;clorophyll C2: 0.054;clorophyll C1: 0.016,HPLC (Alliance HPLC System) following the method described by Zapata et al. 2000,,,,,,,,,,,,,,
EMO BON PiEGetxo Wa 220425 3um (2),EMOBON_PiEGetxo_Wa_73,0.669,HPLC (Alliance HPLC System) following the method described by Zapata et al. 2000,13.45,EXO2 multiparameter sonde,13.45,EXO2 multiparameter sonde,9.44,EXO2 multiparameter sonde,9.44,EXO2 multiparameter sonde,,,,,,,,,,12.5248,EXO2 multiparameter sonde,,,,,,,,,,,,,,,,,,,,,,,7.65,EXO2 multiparameter sonde,,,,,,,,,,,Peridinin: 0.043;Bfu: 0.000;Fucoxanthin: 0.106;Neoxanthin: 0.000;Prasinoxanthin: 0.000;Violaxanthin: 0;Hfu: 0;Diadinoxanthin: 0.037;Dinoxanthin: 0;Anteraxanthin: 0;Aloxanthin: 0.028;Diatoxanthin: ;Zeaxanthin: 0.010;Lutein: 0.029;Crocoxanthin: ;Clorofyll b: 0.067;Clorofyll a: 0.669;α-carotene: ;B-carotene: 0.027;clorophyll C2: 0.054;clorophyll C1: 0.016,HPLC (Alliance HPLC System) following the method described by Zapata et al. 2000,,,,,,,,,,,,,,
EMO BON PiEGetxo Wa 220425 0.2um (1),EMOBON_PiEGetxo_Wa_74,0.669,HPLC (Alliance HPLC System) following the method described by Zapata et al. 2000,13.45,EXO2 multiparameter sonde,13.45,EXO2 multiparameter sonde,9.44,EXO2 multiparameter sonde,9.44,EXO2 multiparameter sonde,,,,,,,,,,12.5248,EXO2 multiparameter sonde,,,,,,,,,,,,,,,,,,,,,,,7.65,EXO2 multiparameter sonde,,,,,,,,,,,Peridinin: 0.043;Bfu: 0.000;Fucoxanthin: 0.106;Neoxanthin: 0.000;Prasinoxanthin: 0.000;Violaxanthin: 0;Hfu: 0;Diadinoxanthin: 0.037;Dinoxanthin: 0;Anteraxanthin: 0;Aloxanthin: 0.028;Diatoxanthin: ;Zeaxanthin: 0.010;Lutein: 0.029;Crocoxanthin: ;Clorofyll b: 0.067;Clorofyll a: 0.669;α-carotene: ;B-carotene: 0.027;clorophyll C2: 0.054;clorophyll C1: 0.016,HPLC (Alliance HPLC System) following the method described by Zapata et al. 2000,,,,,,,,,,,,,,
EMO BON PiEGetxo Wa 220425 0.2um (2),EMOBON_PiEGetxo_Wa_75,0.669,HPLC (Alliance HPLC System) following the method described by Zapata et al. 2000,13.45,EXO2 multiparameter sonde,13.45,EXO2 multiparameter sonde,9.44,EXO2 multiparameter sonde,9.44,EXO2 multiparameter sonde,,,,,,,,,,12.5248,EXO2 multiparameter sonde,,,,,,,,,,,,,,,,,,,,,,,7.65,EXO2 multiparameter sonde,,,,,,,,,,,Peridinin: 0.043;Bfu: 0.000;Fucoxanthin: 0.106;Neoxanthin: 0.000;Prasinoxanthin: 0.000;Violaxanthin: 0;Hfu: 0;Diadinoxanthin: 0.037;Dinoxanthin: 0;Anteraxanthin: 0;Aloxanthin: 0.028;Diatoxanthin: ;Zeaxanthin: 0.010;Lutein: 0.029;Crocoxanthin: ;Clorofyll b: 0.067;Clorofyll a: 0.669;α-carotene: ;B-carotene: 0.027;clorophyll C2: 0.054;clorophyll C1: 0.016,HPLC (Alliance HPLC System) following the method described by Zapata et al. 2000,,,,,,,,,,,,,,
EMO BON PiEGetxo Wa 220425 3um (BLANK),EMOBON_PiEGetxo_Wa_76,NA,NA,NA,NA,NA,NA,NA,NA,NA,NA,NA,NA,NA,NA,NA,NA,NA,NA,NA,NA,NA,NA,NA,NA,NA,NA,NA,NA,NA,NA,NA,NA,NA,NA,NA,NA,NA,NA,NA,NA,NA,NA,NA,NA,NA,NA,NA,NA,NA,NA,NA,NA,NA,NA,NA,NA,NA,NA,NA,NA,NA,NA,NA,NA,NA,NA,NA,NA,NA,NA,NA
EMO BON PiEGetxo Wa 220425 0.2um (BLANK),EMOBON_PiEGetxo_Wa_77,NA,NA,NA,NA,NA,NA,NA,NA,NA,NA,NA,NA,NA,NA,NA,NA,NA,NA,NA,NA,NA,NA,NA,NA,NA,NA,NA,NA,NA,NA,NA,NA,NA,NA,NA,NA,NA,NA,NA,NA,NA,NA,NA,NA,NA,NA,NA,NA,NA,NA,NA,NA,NA,NA,NA,NA,NA,NA,NA,NA,NA,NA,NA,NA,NA,NA,NA,NA,NA,NA,NA
EMO BON PiEGetxo Wa 220425 3um (3),EMOBON_PiEGetxo_Wa_78,0.669,HPLC (Alliance HPLC System) following the method described by Zapata et al. 2000,13.45,EXO2 multiparameter sonde,13.45,EXO2 multiparameter sonde,9.44,EXO2 multiparameter sonde,9.44,EXO2 multiparameter sonde,,,,,,,,,,12.5248,EXO2 multiparameter sonde,,,,,,,,,,,,,,,,,,,,,,,7.65,EXO2 multiparameter sonde,,,,,,,,,,,Peridinin: 0.043;Bfu: 0.000;Fucoxanthin: 0.106;Neoxanthin: 0.000;Prasinoxanthin: 0.000;Violaxanthin: 0;Hfu: 0;Diadinoxanthin: 0.037;Dinoxanthin: 0;Anteraxanthin: 0;Aloxanthin: 0.028;Diatoxanthin: ;Zeaxanthin: 0.010;Lutein: 0.029;Crocoxanthin: ;Clorofyll b: 0.067;Clorofyll a: 0.669;α-carotene: ;B-carotene: 0.027;clorophyll C2: 0.054;clorophyll C1: 0.016,HPLC (Alliance HPLC System) following the method described by Zapata et al. 2000,,,,,,,,,,,,,,
EMO BON PiEGetxo Wa 220425 3um (4),EMOBON_PiEGetxo_Wa_79,0.669,HPLC (Alliance HPLC System) following the method described by Zapata et al. 2000,13.45,EXO2 multiparameter sonde,13.45,EXO2 multiparameter sonde,9.44,EXO2 multiparameter sonde,9.44,EXO2 multiparameter sonde,,,,,,,,,,12.5248,EXO2 multiparameter sonde,,,,,,,,,,,,,,,,,,,,,,,7.65,EXO2 multiparameter sonde,,,,,,,,,,,Peridinin: 0.043;Bfu: 0.000;Fucoxanthin: 0.106;Neoxanthin: 0.000;Prasinoxanthin: 0.000;Violaxanthin: 0;Hfu: 0;Diadinoxanthin: 0.037;Dinoxanthin: 0;Anteraxanthin: 0;Aloxanthin: 0.028;Diatoxanthin: ;Zeaxanthin: 0.010;Lutein: 0.029;Crocoxanthin: ;Clorofyll b: 0.067;Clorofyll a: 0.669;α-carotene: ;B-carotene: 0.027;clorophyll C2: 0.054;clorophyll C1: 0.016,HPLC (Alliance HPLC System) following the method described by Zapata et al. 2000,,,,,,,,,,,,,,
EMO BON PiEGetxo Wa 220425 0.2um (3),EMOBON_PiEGetxo_Wa_80,0.669,HPLC (Alliance HPLC System) following the method described by Zapata et al. 2000,13.45,EXO2 multiparameter sonde,13.45,EXO2 multiparameter sonde,9.44,EXO2 multiparameter sonde,9.44,EXO2 multiparameter sonde,,,,,,,,,,12.5248,EXO2 multiparameter sonde,,,,,,,,,,,,,,,,,,,,,,,7.65,EXO2 multiparameter sonde,,,,,,,,,,,Peridinin: 0.043;Bfu: 0.000;Fucoxanthin: 0.106;Neoxanthin: 0.000;Prasinoxanthin: 0.000;Violaxanthin: 0;Hfu: 0;Diadinoxanthin: 0.037;Dinoxanthin: 0;Anteraxanthin: 0;Aloxanthin: 0.028;Diatoxanthin: ;Zeaxanthin: 0.010;Lutein: 0.029;Crocoxanthin: ;Clorofyll b: 0.067;Clorofyll a: 0.669;α-carotene: ;B-carotene: 0.027;clorophyll C2: 0.054;clorophyll C1: 0.016,HPLC (Alliance HPLC System) following the method described by Zapata et al. 2000,,,,,,,,,,,,,,
EMO BON PiEGetxo Wa 220425 0.2um (4),EMOBON_PiEGetxo_Wa_81,0.669,HPLC (Alliance HPLC System) following the method described by Zapata et al. 2000,13.45,EXO2 multiparameter sonde,13.45,EXO2 multiparameter sonde,9.44,EXO2 multiparameter sonde,9.44,EXO2 multiparameter sonde,,,,,,,,,,12.5248,EXO2 multiparameter sonde,,,,,,,,,,,,,,,,,,,,,,,7.65,EXO2 multiparameter sonde,,,,,,,,,,,Peridinin: 0.043;Bfu: 0.000;Fucoxanthin: 0.106;Neoxanthin: 0.000;Prasinoxanthin: 0.000;Violaxanthin: 0;Hfu: 0;Diadinoxanthin: 0.037;Dinoxanthin: 0;Anteraxanthin: 0;Aloxanthin: 0.028;Diatoxanthin: ;Zeaxanthin: 0.010;Lutein: 0.029;Crocoxanthin: ;Clorofyll b: 0.067;Clorofyll a: 0.669;α-carotene: ;B-carotene: 0.027;clorophyll C2: 0.054;clorophyll C1: 0.016,HPLC (Alliance HPLC System) following the method described by Zapata et al. 2000,,,,,,,,,,,,,,
EMO BON PiEGetxo Wa 220425 3um (BLANK1),EMOBON_PiEGetxo_Wa_82,NA,NA,NA,NA,NA,NA,NA,NA,NA,NA,NA,NA,NA,NA,NA,NA,NA,NA,NA,NA,NA,NA,NA,NA,NA,NA,NA,NA,NA,NA,NA,NA,NA,NA,NA,NA,NA,NA,NA,NA,NA,NA,NA,NA,NA,NA,NA,NA,NA,NA,NA,NA,NA,NA,NA,NA,NA,NA,NA,NA,NA,NA,NA,NA,NA,NA,NA,NA,NA,NA,NA
EMO BON PiEGetxo Wa 220425 0.2um (BLANK1),EMOBON_PiEGetxo_Wa_83,NA,NA,NA,NA,NA,NA,NA,NA,NA,NA,NA,NA,NA,NA,NA,NA,NA,NA,NA,NA,NA,NA,NA,NA,NA,NA,NA,NA,NA,NA,NA,NA,NA,NA,NA,NA,NA,NA,NA,NA,NA,NA,NA,NA,NA,NA,NA,NA,NA,NA,NA,NA,NA,NA,NA,NA,NA,NA,NA,NA,NA,NA,NA,NA,NA,NA,NA,NA,NA,NA,NA
EMO BON PiEGetxo Wa 220622 3um (1),EMOBON_PiEGetxo_Wa_84,2.42,HPLC (Alliance HPLC System) following the method described by Zapata et al. 2000,19.8,EXO2 multiparameter sonde,19.8,EXO2 multiparameter sonde,27.68,EXO2 multiparameter sonde,27.68,EXO2 multiparameter sonde,,,,,,,,,,38.721,EXO2 multiparameter sonde,,,,,,,,,,,,,,,,,,,,,,,7.85,EXO2 multiparameter sonde,,,,,,,,,,,clorophyll C2: 0 .184;clorophyll C1: 0 .022;Peridinin: 0 .146;Bfu: 0 .000;Fucoxanthin: 0 .222;Neoxanthin: 0 .024;Prasinoxanthin: 0 .071;Violaxanthin: 0 .029;Hfu: 0 .000;Diadinoxanthin: 0 .077;Dinoxanthin: 0 .000;Anteraxanthin: 0 .000;MgAloxanthin: 0 .185;Diatoxanthin: 0 .000;Zeaxanthin: 0 .022;Lutein: 0 .027;Crocoxanthin: 0 .000;Clorofyll b: 0 .434;Clorofyll a: 2 .420;α-carotene: 0 .028;B-carotene: 0 .060;MgDVP: 0.031,HPLC (Alliance HPLC System) following the method described by Zapata et al. 2000,,,,,,,,,,,,,,
EMO BON PiEGetxo Wa 220622 3um (2),EMOBON_PiEGetxo_Wa_85,2.42,HPLC (Alliance HPLC System) following the method described by Zapata et al. 2000,19.8,EXO2 multiparameter sonde,19.8,EXO2 multiparameter sonde,27.68,EXO2 multiparameter sonde,27.68,EXO2 multiparameter sonde,,,,,,,,,,38.721,EXO2 multiparameter sonde,,,,,,,,,,,,,,,,,,,,,,,7.85,EXO2 multiparameter sonde,,,,,,,,,,,clorophyll C2: 0 .184;clorophyll C1: 0 .022;Peridinin: 0 .146;Bfu: 0 .000;Fucoxanthin: 0 .222;Neoxanthin: 0 .024;Prasinoxanthin: 0 .071;Violaxanthin: 0 .029;Hfu: 0 .000;Diadinoxanthin: 0 .077;Dinoxanthin: 0 .000;Anteraxanthin: 0 .000;MgAloxanthin: 0 .185;Diatoxanthin: 0 .000;Zeaxanthin: 0 .022;Lutein: 0 .027;Crocoxanthin: 0 .000;Clorofyll b: 0 .434;Clorofyll a: 2 .420;α-carotene: 0 .028;B-carotene: 0 .060;MgDVP: 0.031,HPLC (Alliance HPLC System) following the method described by Zapata et al. 2000,,,,,,,,,,,,,,
EMO BON PiEGetxo Wa 220622 0.2um (1),EMOBON_PiEGetxo_Wa_86,2.42,HPLC (Alliance HPLC System) following the method described by Zapata et al. 2000,19.8,EXO2 multiparameter sonde,19.8,EXO2 multiparameter sonde,27.68,EXO2 multiparameter sonde,27.68,EXO2 multiparameter sonde,,,,,,,,,,38.721,EXO2 multiparameter sonde,,,,,,,,,,,,,,,,,,,,,,,7.85,EXO2 multiparameter sonde,,,,,,,,,,,clorophyll C2: 0 .184;clorophyll C1: 0 .022;Peridinin: 0 .146;Bfu: 0 .000;Fucoxanthin: 0 .222;Neoxanthin: 0 .024;Prasinoxanthin: 0 .071;Violaxanthin: 0 .029;Hfu: 0 .000;Diadinoxanthin: 0 .077;Dinoxanthin: 0 .000;Anteraxanthin: 0 .000;MgAloxanthin: 0 .185;Diatoxanthin: 0 .000;Zeaxanthin: 0 .022;Lutein: 0 .027;Crocoxanthin: 0 .000;Clorofyll b: 0 .434;Clorofyll a: 2 .420;α-carotene: 0 .028;B-carotene: 0 .060;MgDVP: 0.031,HPLC (Alliance HPLC System) following the method described by Zapata et al. 2000,,,,,,,,,,,,,,
EMO BON PiEGetxo Wa 220622 0.2um (2),EMOBON_PiEGetxo_Wa_87,2.42,HPLC (Alliance HPLC System) following the method described by Zapata et al. 2000,19.8,EXO2 multiparameter sonde,19.8,EXO2 multiparameter sonde,27.68,EXO2 multiparameter sonde,27.68,EXO2 multiparameter sonde,,,,,,,,,,38.721,EXO2 multiparameter sonde,,,,,,,,,,,,,,,,,,,,,,,7.85,EXO2 multiparameter sonde,,,,,,,,,,,clorophyll C2: 0 .184;clorophyll C1: 0 .022;Peridinin: 0 .146;Bfu: 0 .000;Fucoxanthin: 0 .222;Neoxanthin: 0 .024;Prasinoxanthin: 0 .071;Violaxanthin: 0 .029;Hfu: 0 .000;Diadinoxanthin: 0 .077;Dinoxanthin: 0 .000;Anteraxanthin: 0 .000;MgAloxanthin: 0 .185;Diatoxanthin: 0 .000;Zeaxanthin: 0 .022;Lutein: 0 .027;Crocoxanthin: 0 .000;Clorofyll b: 0 .434;Clorofyll a: 2 .420;α-carotene: 0 .028;B-carotene: 0 .060;MgDVP: 0.031,HPLC (Alliance HPLC System) following the method described by Zapata et al. 2000,,,,,,,,,,,,,,
EMO BON PiEGetxo Wa 220622 3um (BLANK),EMOBON_PiEGetxo_Wa_88,NA,NA,NA,NA,NA,NA,NA,NA,NA,NA,NA,NA,NA,NA,NA,NA,NA,NA,NA,NA,NA,NA,NA,NA,NA,NA,NA,NA,NA,NA,NA,NA,NA,NA,NA,NA,NA,NA,NA,NA,NA,NA,NA,NA,NA,NA,NA,NA,NA,NA,NA,NA,NA,NA,NA,NA,NA,NA,NA,NA,NA,NA,NA,NA,NA,NA,NA,NA,NA,NA,NA
EMO BON PiEGetxo Wa 220622 0.2um (BLANK),EMOBON_PiEGetxo_Wa_89,NA,NA,NA,NA,NA,NA,NA,NA,NA,NA,NA,NA,NA,NA,NA,NA,NA,NA,NA,NA,NA,NA,NA,NA,NA,NA,NA,NA,NA,NA,NA,NA,NA,NA,NA,NA,NA,NA,NA,NA,NA,NA,NA,NA,NA,NA,NA,NA,NA,NA,NA,NA,NA,NA,NA,NA,NA,NA,NA,NA,NA,NA,NA,NA,NA,NA,NA,NA,NA,NA,NA
EMO BON PiEGetxo Wa 220622 3um (3),EMOBON_PiEGetxo_Wa_90,2.42,HPLC (Alliance HPLC System) following the method described by Zapata et al. 2000,19.8,EXO2 multiparameter sonde,19.8,EXO2 multiparameter sonde,27.68,EXO2 multiparameter sonde,27.68,EXO2 multiparameter sonde,,,,,,,,,,38.721,EXO2 multiparameter sonde,,,,,,,,,,,,,,,,,,,,,,,7.85,EXO2 multiparameter sonde,,,,,,,,,,,clorophyll C2: 0 .184;clorophyll C1: 0 .022;Peridinin: 0 .146;Bfu: 0 .000;Fucoxanthin: 0 .222;Neoxanthin: 0 .024;Prasinoxanthin: 0 .071;Violaxanthin: 0 .029;Hfu: 0 .000;Diadinoxanthin: 0 .077;Dinoxanthin: 0 .000;Anteraxanthin: 0 .000;MgAloxanthin: 0 .185;Diatoxanthin: 0 .000;Zeaxanthin: 0 .022;Lutein: 0 .027;Crocoxanthin: 0 .000;Clorofyll b: 0 .434;Clorofyll a: 2 .420;α-carotene: 0 .028;B-carotene: 0 .060;MgDVP: 0.031,HPLC (Alliance HPLC System) following the method described by Zapata et al. 2000,,,,,,,,,,,,,,
EMO BON PiEGetxo Wa 220622 3um (4),EMOBON_PiEGetxo_Wa_91,2.42,HPLC (Alliance HPLC System) following the method described by Zapata et al. 2000,19.8,EXO2 multiparameter sonde,19.8,EXO2 multiparameter sonde,27.68,EXO2 multiparameter sonde,27.68,EXO2 multiparameter sonde,,,,,,,,,,38.721,EXO2 multiparameter sonde,,,,,,,,,,,,,,,,,,,,,,,7.85,EXO2 multiparameter sonde,,,,,,,,,,,clorophyll C2: 0 .184;clorophyll C1: 0 .022;Peridinin: 0 .146;Bfu: 0 .000;Fucoxanthin: 0 .222;Neoxanthin: 0 .024;Prasinoxanthin: 0 .071;Violaxanthin: 0 .029;Hfu: 0 .000;Diadinoxanthin: 0 .077;Dinoxanthin: 0 .000;Anteraxanthin: 0 .000;MgAloxanthin: 0 .185;Diatoxanthin: 0 .000;Zeaxanthin: 0 .022;Lutein: 0 .027;Crocoxanthin: 0 .000;Clorofyll b: 0 .434;Clorofyll a: 2 .420;α-carotene: 0 .028;B-carotene: 0 .060;MgDVP: 0.031,HPLC (Alliance HPLC System) following the method described by Zapata et al. 2000,,,,,,,,,,,,,,
EMO BON PiEGetxo Wa 220622 0.2um (3),EMOBON_PiEGetxo_Wa_92,2.42,HPLC (Alliance HPLC System) following the method described by Zapata et al. 2000,19.8,EXO2 multiparameter sonde,19.8,EXO2 multiparameter sonde,27.68,EXO2 multiparameter sonde,27.68,EXO2 multiparameter sonde,,,,,,,,,,38.721,EXO2 multiparameter sonde,,,,,,,,,,,,,,,,,,,,,,,7.85,EXO2 multiparameter sonde,,,,,,,,,,,clorophyll C2: 0 .184;clorophyll C1: 0 .022;Peridinin: 0 .146;Bfu: 0 .000;Fucoxanthin: 0 .222;Neoxanthin: 0 .024;Prasinoxanthin: 0 .071;Violaxanthin: 0 .029;Hfu: 0 .000;Diadinoxanthin: 0 .077;Dinoxanthin: 0 .000;Anteraxanthin: 0 .000;MgAloxanthin: 0 .185;Diatoxanthin: 0 .000;Zeaxanthin: 0 .022;Lutein: 0 .027;Crocoxanthin: 0 .000;Clorofyll b: 0 .434;Clorofyll a: 2 .420;α-carotene: 0 .028;B-carotene: 0 .060;MgDVP: 0.031,HPLC (Alliance HPLC System) following the method described by Zapata et al. 2000,,,,,,,,,,,,,,
EMO BON PiEGetxo Wa 220622 0.2um (4),EMOBON_PiEGetxo_Wa_93,2.42,HPLC (Alliance HPLC System) following the method described by Zapata et al. 2000,19.8,EXO2 multiparameter sonde,19.8,EXO2 multiparameter sonde,27.68,EXO2 multiparameter sonde,27.68,EXO2 multiparameter sonde,,,,,,,,,,38.721,EXO2 multiparameter sonde,,,,,,,,,,,,,,,,,,,,,,,7.85,EXO2 multiparameter sonde,,,,,,,,,,,clorophyll C2: 0 .184;clorophyll C1: 0 .022;Peridinin: 0 .146;Bfu: 0 .000;Fucoxanthin: 0 .222;Neoxanthin: 0 .024;Prasinoxanthin: 0 .071;Violaxanthin: 0 .029;Hfu: 0 .000;Diadinoxanthin: 0 .077;Dinoxanthin: 0 .000;Anteraxanthin: 0 .000;MgAloxanthin: 0 .185;Diatoxanthin: 0 .000;Zeaxanthin: 0 .022;Lutein: 0 .027;Crocoxanthin: 0 .000;Clorofyll b: 0 .434;Clorofyll a: 2 .420;α-carotene: 0 .028;B-carotene: 0 .060;MgDVP: 0.031,HPLC (Alliance HPLC System) following the method described by Zapata et al. 2000,,,,,,,,,,,,,,
EMO BON PiEGetxo Wa 220622 3um (BLANK1),EMOBON_PiEGetxo_Wa_94,NA,NA,NA,NA,NA,NA,NA,NA,NA,NA,NA,NA,NA,NA,NA,NA,NA,NA,NA,NA,NA,NA,NA,NA,NA,NA,NA,NA,NA,NA,NA,NA,NA,NA,NA,NA,NA,NA,NA,NA,NA,NA,NA,NA,NA,NA,NA,NA,NA,NA,NA,NA,NA,NA,NA,NA,NA,NA,NA,NA,NA,NA,NA,NA,NA,NA,NA,NA,NA,NA,NA
EMO BON PiEGetxo Wa 220622 0.2um (BLANK1),EMOBON_PiEGetxo_Wa_95,NA,NA,NA,NA,NA,NA,NA,NA,NA,NA,NA,NA,NA,NA,NA,NA,NA,NA,NA,NA,NA,NA,NA,NA,NA,NA,NA,NA,NA,NA,NA,NA,NA,NA,NA,NA,NA,NA,NA,NA,NA,NA,NA,NA,NA,NA,NA,NA,NA,NA,NA,NA,NA,NA,NA,NA,NA,NA,NA,NA,NA,NA,NA,NA,NA,NA,NA,NA,NA,NA,NA
EMO BON PiEGetxo Wa 220823 3um (1),EMOBON_PiEGetxo_Wa_96,20.12,HPLC (Alliance HPLC System) following the method described by Zapata et al. 2000,25.2,EXO2 multiparameter sonde,25.2,EXO2 multiparameter sonde,30.65,EXO2 multiparameter sonde,30.65,EXO2 multiparameter sonde,,,,,,,,,,47.327,EXO2 multiparameter sonde,,,,,,,,,,,,,,,,,,,,,,,8.15,EXO2 multiparameter sonde,,,,,,,,,,,clorophyll C2: 1.691;clorophyll C1: 1.183;Peridinin: 0.000;Bfu: -;Fucoxanthin: 8.225;Neoxanthin: 0.039;Prasinoxanthin 0.124;Violaxanthin 0.080;Hfu 0.055;Diadinoxanthin: -;Dinoxanthin 0.951;Anteraxanthin -;Aloxanthin 0.768;Diatoxanthin 0.204;Zeaxanthin 0.063;Lutein 0.020;Crocoxanthin -;Clorofyll b 0.680;Clorofyll a 20.125;α-carotene 0.066;B-carotene 0.394,HPLC (Alliance HPLC System) following the method described by Zapata et al. 2000,,,,,,,,,,,,,,
EMO BON PiEGetxo Wa  220823 3um (2),EMOBON_PiEGetxo_Wa_97,20.12,HPLC (Alliance HPLC System) following the method described by Zapata et al. 2000,25.2,EXO2 multiparameter sonde,25.2,EXO2 multiparameter sonde,30.65,EXO2 multiparameter sonde,30.65,EXO2 multiparameter sonde,,,,,,,,,,47.327,EXO2 multiparameter sonde,,,,,,,,,,,,,,,,,,,,,,,8.15,EXO2 multiparameter sonde,,,,,,,,,,,clorophyll C2: 1.691;clorophyll C1: 1.183;Peridinin: 0.000;Bfu: -;Fucoxanthin: 8.225;Neoxanthin: 0.039;Prasinoxanthin 0.124;Violaxanthin 0.080;Hfu 0.055;Diadinoxanthin: -;Dinoxanthin 0.951;Anteraxanthin -;Aloxanthin 0.768;Diatoxanthin 0.204;Zeaxanthin 0.063;Lutein 0.020;Crocoxanthin -;Clorofyll b 0.680;Clorofyll a 20.125;α-carotene 0.066;B-carotene 0.394,HPLC (Alliance HPLC System) following the method described by Zapata et al. 2000,,,,,,,,,,,,,,
EMO BON PiEGetxo Wa  220823 0.2um (1),EMOBON_PiEGetxo_Wa_98,20.12,HPLC (Alliance HPLC System) following the method described by Zapata et al. 2000,25.2,EXO2 multiparameter sonde,25.2,EXO2 multiparameter sonde,30.65,EXO2 multiparameter sonde,30.65,EXO2 multiparameter sonde,,,,,,,,,,47.327,EXO2 multiparameter sonde,,,,,,,,,,,,,,,,,,,,,,,8.15,EXO2 multiparameter sonde,,,,,,,,,,,clorophyll C2: 1.691;clorophyll C1: 1.183;Peridinin: 0.000;Bfu: -;Fucoxanthin: 8.225;Neoxanthin: 0.039;Prasinoxanthin 0.124;Violaxanthin 0.080;Hfu 0.055;Diadinoxanthin: -;Dinoxanthin 0.951;Anteraxanthin -;Aloxanthin 0.768;Diatoxanthin 0.204;Zeaxanthin 0.063;Lutein 0.020;Crocoxanthin -;Clorofyll b 0.680;Clorofyll a 20.125;α-carotene 0.066;B-carotene 0.394,HPLC (Alliance HPLC System) following the method described by Zapata et al. 2000,,,,,,,,,,,,,,
EMO BON PiEGetxo Wa  220823 0.2um (2),EMOBON_PiEGetxo_Wa_99,20.12,HPLC (Alliance HPLC System) following the method described by Zapata et al. 2000,25.2,EXO2 multiparameter sonde,25.2,EXO2 multiparameter sonde,30.65,EXO2 multiparameter sonde,30.65,EXO2 multiparameter sonde,,,,,,,,,,47.327,EXO2 multiparameter sonde,,,,,,,,,,,,,,,,,,,,,,,8.15,EXO2 multiparameter sonde,,,,,,,,,,,clorophyll C2: 1.691;clorophyll C1: 1.183;Peridinin: 0.000;Bfu: -;Fucoxanthin: 8.225;Neoxanthin: 0.039;Prasinoxanthin 0.124;Violaxanthin 0.080;Hfu 0.055;Diadinoxanthin: -;Dinoxanthin 0.951;Anteraxanthin -;Aloxanthin 0.768;Diatoxanthin 0.204;Zeaxanthin 0.063;Lutein 0.020;Crocoxanthin -;Clorofyll b 0.680;Clorofyll a 20.125;α-carotene 0.066;B-carotene 0.394,HPLC (Alliance HPLC System) following the method described by Zapata et al. 2000,,,,,,,,,,,,,,
EMO BON PiEGetxo Wa  220823 3um (BLANK),EMOBON_PiEGetxo_Wa_100,NA,NA,NA,NA,NA,NA,NA,NA,NA,NA,NA,NA,NA,NA,NA,NA,NA,NA,NA,NA,NA,NA,NA,NA,NA,NA,NA,NA,NA,NA,NA,NA,NA,NA,NA,NA,NA,NA,NA,NA,NA,NA,NA,NA,NA,NA,NA,NA,NA,NA,NA,NA,NA,NA,NA,NA,NA,NA,NA,NA,NA,NA,NA,NA,NA,NA,NA,NA,NA,NA,NA
EMO BON PiEGetxo Wa  220823 0.2um (BLANK),EMOBON_PiEGetxo_Wa_101,NA,NA,NA,NA,NA,NA,NA,NA,NA,NA,NA,NA,NA,NA,NA,NA,NA,NA,NA,NA,NA,NA,NA,NA,NA,NA,NA,NA,NA,NA,NA,NA,NA,NA,NA,NA,NA,NA,NA,NA,NA,NA,NA,NA,NA,NA,NA,NA,NA,NA,NA,NA,NA,NA,NA,NA,NA,NA,NA,NA,NA,NA,NA,NA,NA,NA,NA,NA,NA,NA,NA
EMO BON PiEGetxo Wa  220823 3um (3),EMOBON_PiEGetxo_Wa_102,20.12,HPLC (Alliance HPLC System) following the method described by Zapata et al. 2000,25.2,EXO2 multiparameter sonde,25.2,EXO2 multiparameter sonde,30.65,EXO2 multiparameter sonde,30.65,EXO2 multiparameter sonde,,,,,,,,,,47.327,EXO2 multiparameter sonde,,,,,,,,,,,,,,,,,,,,,,,8.15,EXO2 multiparameter sonde,,,,,,,,,,,clorophyll C2: 1.691;clorophyll C1: 1.183;Peridinin: 0.000;Bfu: -;Fucoxanthin: 8.225;Neoxanthin: 0.039;Prasinoxanthin 0.124;Violaxanthin 0.080;Hfu 0.055;Diadinoxanthin: -;Dinoxanthin 0.951;Anteraxanthin -;Aloxanthin 0.768;Diatoxanthin 0.204;Zeaxanthin 0.063;Lutein 0.020;Crocoxanthin -;Clorofyll b 0.680;Clorofyll a 20.125;α-carotene 0.066;B-carotene 0.394,HPLC (Alliance HPLC System) following the method described by Zapata et al. 2000,,,,,,,,,,,,,,
EMO BON PiEGetxo Wa  220823 3um (4),EMOBON_PiEGetxo_Wa_103,20.12,HPLC (Alliance HPLC System) following the method described by Zapata et al. 2000,25.2,EXO2 multiparameter sonde,25.2,EXO2 multiparameter sonde,30.65,EXO2 multiparameter sonde,30.65,EXO2 multiparameter sonde,,,,,,,,,,47.327,EXO2 multiparameter sonde,,,,,,,,,,,,,,,,,,,,,,,8.15,EXO2 multiparameter sonde,,,,,,,,,,,clorophyll C2: 1.691;clorophyll C1: 1.183;Peridinin: 0.000;Bfu: -;Fucoxanthin: 8.225;Neoxanthin: 0.039;Prasinoxanthin 0.124;Violaxanthin 0.080;Hfu 0.055;Diadinoxanthin: -;Dinoxanthin 0.951;Anteraxanthin -;Aloxanthin 0.768;Diatoxanthin 0.204;Zeaxanthin 0.063;Lutein 0.020;Crocoxanthin -;Clorofyll b 0.680;Clorofyll a 20.125;α-carotene 0.066;B-carotene 0.394,HPLC (Alliance HPLC System) following the method described by Zapata et al. 2000,,,,,,,,,,,,,,
EMO BON PiEGetxo Wa  220823 0.2um (3),EMOBON_PiEGetxo_Wa_104,20.12,HPLC (Alliance HPLC System) following the method described by Zapata et al. 2000,25.2,EXO2 multiparameter sonde,25.2,EXO2 multiparameter sonde,30.65,EXO2 multiparameter sonde,30.65,EXO2 multiparameter sonde,,,,,,,,,,47.327,EXO2 multiparameter sonde,,,,,,,,,,,,,,,,,,,,,,,8.15,EXO2 multiparameter sonde,,,,,,,,,,,clorophyll C2: 1.691;clorophyll C1: 1.183;Peridinin: 0.000;Bfu: -;Fucoxanthin: 8.225;Neoxanthin: 0.039;Prasinoxanthin 0.124;Violaxanthin 0.080;Hfu 0.055;Diadinoxanthin: -;Dinoxanthin 0.951;Anteraxanthin -;Aloxanthin 0.768;Diatoxanthin 0.204;Zeaxanthin 0.063;Lutein 0.020;Crocoxanthin -;Clorofyll b 0.680;Clorofyll a 20.125;α-carotene 0.066;B-carotene 0.394,HPLC (Alliance HPLC System) following the method described by Zapata et al. 2000,,,,,,,,,,,,,,
EMO BON PiEGetxo Wa  220823 0.2um (4),EMOBON_PiEGetxo_Wa_105,20.12,HPLC (Alliance HPLC System) following the method described by Zapata et al. 2000,25.2,EXO2 multiparameter sonde,25.2,EXO2 multiparameter sonde,30.65,EXO2 multiparameter sonde,30.65,EXO2 multiparameter sonde,,,,,,,,,,47.327,EXO2 multiparameter sonde,,,,,,,,,,,,,,,,,,,,,,,8.15,EXO2 multiparameter sonde,,,,,,,,,,,clorophyll C2: 1.691;clorophyll C1: 1.183;Peridinin: 0.000;Bfu: -;Fucoxanthin: 8.225;Neoxanthin: 0.039;Prasinoxanthin 0.124;Violaxanthin 0.080;Hfu 0.055;Diadinoxanthin: -;Dinoxanthin 0.951;Anteraxanthin -;Aloxanthin 0.768;Diatoxanthin 0.204;Zeaxanthin 0.063;Lutein 0.020;Crocoxanthin -;Clorofyll b 0.680;Clorofyll a 20.125;α-carotene 0.066;B-carotene 0.394,HPLC (Alliance HPLC System) following the method described by Zapata et al. 2000,,,,,,,,,,,,,,
EMO BON PiEGetxo Wa  220823 3um (BLANK1),EMOBON_PiEGetxo_Wa_106,NA,NA,NA,NA,NA,NA,NA,NA,NA,NA,NA,NA,NA,NA,NA,NA,NA,NA,NA,NA,NA,NA,NA,NA,NA,NA,NA,NA,NA,NA,NA,NA,NA,NA,NA,NA,NA,NA,NA,NA,NA,NA,NA,NA,NA,NA,NA,NA,NA,NA,NA,NA,NA,NA,NA,NA,NA,NA,NA,NA,NA,NA,NA,NA,NA,NA,NA,NA,NA,NA,NA
EMO BON PiEGetxo Wa  220823 0.2um (BLANK1),EMOBON_PiEGetxo_Wa_107,NA,NA,NA,NA,NA,NA,NA,NA,NA,NA,NA,NA,NA,NA,NA,NA,NA,NA,NA,NA,NA,NA,NA,NA,NA,NA,NA,NA,NA,NA,NA,NA,NA,NA,NA,NA,NA,NA,NA,NA,NA,NA,NA,NA,NA,NA,NA,NA,NA,NA,NA,NA,NA,NA,NA,NA,NA,NA,NA,NA,NA,NA,NA,NA,NA,NA,NA,NA,NA,NA,NA
EMO BON PiEGetxo Wa 221024 3um (1),EMOBON_PiEGetxo_Wa_108,0.534,HPLC (Alliance HPLC System) following the method described by Zapata et al. 2000,17.48,EXO2 multiparameter sonde,17.48,EXO2 multiparameter sonde,33.76,EXO2 multiparameter sonde,33.76,EXO2 multiparameter sonde,,,,,,,,,,43.523,EXO2 multiparameter sonde,,,,,,,,,,,,,,,,,,,,,,,7.92,EXO2 multiparameter sonde,,,,,,,,,,,clorophyll C2:	0.013;clorophyll C1:	0.000;Peridinin:	0.000;Bfu:	0.000;Fucoxanthin:	0.03;Neoxanthin:	0.000;Prasinoxanthin	0.043;Violaxanthin	0.000;Hfu	0.000;Diadinoxanthin:	0.000;Dinoxanthin	0.000;Anteraxanthin	0.000;Aloxanthin	0.000;Diatoxanthin	0.000;Zeaxanthin	0.000;Lutein	0.000;Crocoxanthin	0.000;Clorofyll b	0.248;Clorofyll a	0.534;α-carotene	0.000;B-carotene	0.000;MgDVP;Mgdvp es Mg-2.4-divinyl phaeoporphyrin a5 monomethyl ester	0.021;,HPLC (Alliance HPLC System) following the method described by Zapata et al. 2000,,,,,,,,,,,,,,
EMO BON PiEGetxo Wa  221024 3um (2),EMOBON_PiEGetxo_Wa_109,0.534,HPLC (Alliance HPLC System) following the method described by Zapata et al. 2000,17.48,EXO2 multiparameter sonde,17.48,EXO2 multiparameter sonde,33.76,EXO2 multiparameter sonde,33.76,EXO2 multiparameter sonde,,,,,,,,,,43.523,EXO2 multiparameter sonde,,,,,,,,,,,,,,,,,,,,,,,7.92,EXO2 multiparameter sonde,,,,,,,,,,,clorophyll C2:	0.013;clorophyll C1:	0.000;Peridinin:	0.000;Bfu:	0.000;Fucoxanthin:	0.03;Neoxanthin:	0.000;Prasinoxanthin	0.043;Violaxanthin	0.000;Hfu	0.000;Diadinoxanthin:	0.000;Dinoxanthin	0.000;Anteraxanthin	0.000;Aloxanthin	0.000;Diatoxanthin	0.000;Zeaxanthin	0.000;Lutein	0.000;Crocoxanthin	0.000;Clorofyll b	0.248;Clorofyll a	0.534;α-carotene	0.000;B-carotene	0.000;MgDVP;Mgdvp es Mg-2.4-divinyl phaeoporphyrin a5 monomethyl ester	0.021;,HPLC (Alliance HPLC System) following the method described by Zapata et al. 2000,,,,,,,,,,,,,,
EMO BON PiEGetxo Wa  221024 0.2um (1),EMOBON_PiEGetxo_Wa_110,0.534,HPLC (Alliance HPLC System) following the method described by Zapata et al. 2000,17.48,EXO2 multiparameter sonde,17.48,EXO2 multiparameter sonde,33.76,EXO2 multiparameter sonde,33.76,EXO2 multiparameter sonde,,,,,,,,,,43.523,EXO2 multiparameter sonde,,,,,,,,,,,,,,,,,,,,,,,7.92,EXO2 multiparameter sonde,,,,,,,,,,,clorophyll C2:	0.013;clorophyll C1:	0.000;Peridinin:	0.000;Bfu:	0.000;Fucoxanthin:	0.03;Neoxanthin:	0.000;Prasinoxanthin	0.043;Violaxanthin	0.000;Hfu	0.000;Diadinoxanthin:	0.000;Dinoxanthin	0.000;Anteraxanthin	0.000;Aloxanthin	0.000;Diatoxanthin	0.000;Zeaxanthin	0.000;Lutein	0.000;Crocoxanthin	0.000;Clorofyll b	0.248;Clorofyll a	0.534;α-carotene	0.000;B-carotene	0.000;MgDVP;Mgdvp es Mg-2.4-divinyl phaeoporphyrin a5 monomethyl ester	0.021;,HPLC (Alliance HPLC System) following the method described by Zapata et al. 2000,,,,,,,,,,,,,,
EMO BON PiEGetxo Wa  221024 0.2um (2),EMOBON_PiEGetxo_Wa_111,0.534,HPLC (Alliance HPLC System) following the method described by Zapata et al. 2000,17.48,EXO2 multiparameter sonde,17.48,EXO2 multiparameter sonde,33.76,EXO2 multiparameter sonde,33.76,EXO2 multiparameter sonde,,,,,,,,,,43.523,EXO2 multiparameter sonde,,,,,,,,,,,,,,,,,,,,,,,7.92,EXO2 multiparameter sonde,,,,,,,,,,,clorophyll C2:	0.013;clorophyll C1:	0.000;Peridinin:	0.000;Bfu:	0.000;Fucoxanthin:	0.03;Neoxanthin:	0.000;Prasinoxanthin	0.043;Violaxanthin	0.000;Hfu	0.000;Diadinoxanthin:	0.000;Dinoxanthin	0.000;Anteraxanthin	0.000;Aloxanthin	0.000;Diatoxanthin	0.000;Zeaxanthin	0.000;Lutein	0.000;Crocoxanthin	0.000;Clorofyll b	0.248;Clorofyll a	0.534;α-carotene	0.000;B-carotene	0.000;MgDVP;Mgdvp es Mg-2.4-divinyl phaeoporphyrin a5 monomethyl ester	0.021;,HPLC (Alliance HPLC System) following the method described by Zapata et al. 2000,,,,,,,,,,,,,,
EMO BON PiEGetxo Wa  221024 3um (BLANK),EMOBON_PiEGetxo_Wa_112,NA,NA,NA,NA,NA,NA,NA,NA,NA,NA,NA,NA,NA,NA,NA,NA,NA,NA,NA,NA,NA,NA,NA,NA,NA,NA,NA,NA,NA,NA,NA,NA,NA,NA,NA,NA,NA,NA,NA,NA,NA,NA,NA,NA,NA,NA,NA,NA,NA,NA,NA,NA,NA,NA,NA,NA,NA,NA,NA,NA,NA,NA,NA,NA,NA,NA,NA,NA,NA,NA,NA
EMO BON PiEGetxo Wa  221024 0.2um (BLANK),EMOBON_PiEGetxo_Wa_113,NA,NA,NA,NA,NA,NA,NA,NA,NA,NA,NA,NA,NA,NA,NA,NA,NA,NA,NA,NA,NA,NA,NA,NA,NA,NA,NA,NA,NA,NA,NA,NA,NA,NA,NA,NA,NA,NA,NA,NA,NA,NA,NA,NA,NA,NA,NA,NA,NA,NA,NA,NA,NA,NA,NA,NA,NA,NA,NA,NA,NA,NA,NA,NA,NA,NA,NA,NA,NA,NA,NA
EMO BON PiEGetxo Wa  221024 3um (3),EMOBON_PiEGetxo_Wa_114,0.534,HPLC (Alliance HPLC System) following the method described by Zapata et al. 2000,17.48,EXO2 multiparameter sonde,17.48,EXO2 multiparameter sonde,33.76,EXO2 multiparameter sonde,33.76,EXO2 multiparameter sonde,,,,,,,,,,43.523,EXO2 multiparameter sonde,,,,,,,,,,,,,,,,,,,,,,,7.92,EXO2 multiparameter sonde,,,,,,,,,,,clorophyll C2:	0.013;clorophyll C1:	0.000;Peridinin:	0.000;Bfu:	0.000;Fucoxanthin:	0.03;Neoxanthin:	0.000;Prasinoxanthin	0.043;Violaxanthin	0.000;Hfu	0.000;Diadinoxanthin:	0.000;Dinoxanthin	0.000;Anteraxanthin	0.000;Aloxanthin	0.000;Diatoxanthin	0.000;Zeaxanthin	0.000;Lutein	0.000;Crocoxanthin	0.000;Clorofyll b	0.248;Clorofyll a	0.534;α-carotene	0.000;B-carotene	0.000;MgDVP;Mgdvp es Mg-2.4-divinyl phaeoporphyrin a5 monomethyl ester	0.021;,HPLC (Alliance HPLC System) following the method described by Zapata et al. 2000,,,,,,,,,,,,,,
EMO BON PiEGetxo Wa  221024 3um (4),EMOBON_PiEGetxo_Wa_115,0.534,HPLC (Alliance HPLC System) following the method described by Zapata et al. 2000,17.48,EXO2 multiparameter sonde,17.48,EXO2 multiparameter sonde,33.76,EXO2 multiparameter sonde,33.76,EXO2 multiparameter sonde,,,,,,,,,,43.523,EXO2 multiparameter sonde,,,,,,,,,,,,,,,,,,,,,,,7.92,EXO2 multiparameter sonde,,,,,,,,,,,clorophyll C2:	0.013;clorophyll C1:	0.000;Peridinin:	0.000;Bfu:	0.000;Fucoxanthin:	0.03;Neoxanthin:	0.000;Prasinoxanthin	0.043;Violaxanthin	0.000;Hfu	0.000;Diadinoxanthin:	0.000;Dinoxanthin	0.000;Anteraxanthin	0.000;Aloxanthin	0.000;Diatoxanthin	0.000;Zeaxanthin	0.000;Lutein	0.000;Crocoxanthin	0.000;Clorofyll b	0.248;Clorofyll a	0.534;α-carotene	0.000;B-carotene	0.000;MgDVP;Mgdvp es Mg-2.4-divinyl phaeoporphyrin a5 monomethyl ester	0.021;,HPLC (Alliance HPLC System) following the method described by Zapata et al. 2000,,,,,,,,,,,,,,
EMO BON PiEGetxo Wa  221024 0.2um (3),EMOBON_PiEGetxo_Wa_116,0.534,HPLC (Alliance HPLC System) following the method described by Zapata et al. 2000,17.48,EXO2 multiparameter sonde,17.48,EXO2 multiparameter sonde,33.76,EXO2 multiparameter sonde,33.76,EXO2 multiparameter sonde,,,,,,,,,,43.523,EXO2 multiparameter sonde,,,,,,,,,,,,,,,,,,,,,,,7.92,EXO2 multiparameter sonde,,,,,,,,,,,clorophyll C2:	0.013;clorophyll C1:	0.000;Peridinin:	0.000;Bfu:	0.000;Fucoxanthin:	0.03;Neoxanthin:	0.000;Prasinoxanthin	0.043;Violaxanthin	0.000;Hfu	0.000;Diadinoxanthin:	0.000;Dinoxanthin	0.000;Anteraxanthin	0.000;Aloxanthin	0.000;Diatoxanthin	0.000;Zeaxanthin	0.000;Lutein	0.000;Crocoxanthin	0.000;Clorofyll b	0.248;Clorofyll a	0.534;α-carotene	0.000;B-carotene	0.000;MgDVP;Mgdvp es Mg-2.4-divinyl phaeoporphyrin a5 monomethyl ester	0.021;,HPLC (Alliance HPLC System) following the method described by Zapata et al. 2000,,,,,,,,,,,,,,
EMO BON PiEGetxo Wa  221024 0.2um (4),EMOBON_PiEGetxo_Wa_117,0.534,HPLC (Alliance HPLC System) following the method described by Zapata et al. 2000,17.48,EXO2 multiparameter sonde,17.48,EXO2 multiparameter sonde,33.76,EXO2 multiparameter sonde,33.76,EXO2 multiparameter sonde,,,,,,,,,,43.523,EXO2 multiparameter sonde,,,,,,,,,,,,,,,,,,,,,,,7.92,EXO2 multiparameter sonde,,,,,,,,,,,clorophyll C2:	0.013;clorophyll C1:	0.000;Peridinin:	0.000;Bfu:	0.000;Fucoxanthin:	0.03;Neoxanthin:	0.000;Prasinoxanthin	0.043;Violaxanthin	0.000;Hfu	0.000;Diadinoxanthin:	0.000;Dinoxanthin	0.000;Anteraxanthin	0.000;Aloxanthin	0.000;Diatoxanthin	0.000;Zeaxanthin	0.000;Lutein	0.000;Crocoxanthin	0.000;Clorofyll b	0.248;Clorofyll a	0.534;α-carotene	0.000;B-carotene	0.000;MgDVP;Mgdvp es Mg-2.4-divinyl phaeoporphyrin a5 monomethyl ester	0.021;,HPLC (Alliance HPLC System) following the method described by Zapata et al. 2000,,,,,,,,,,,,,,
EMO BON PiEGetxo Wa  221024 3um (BLANK1),EMOBON_PiEGetxo_Wa_118,NA,NA,NA,NA,NA,NA,NA,NA,NA,NA,NA,NA,NA,NA,NA,NA,NA,NA,NA,NA,NA,NA,NA,NA,NA,NA,NA,NA,NA,NA,NA,NA,NA,NA,NA,NA,NA,NA,NA,NA,NA,NA,NA,NA,NA,NA,NA,NA,NA,NA,NA,NA,NA,NA,NA,NA,NA,NA,NA,NA,NA,NA,NA,NA,NA,NA,NA,NA,NA,NA,NA
EMO BON PiEGetxo Wa  221024 0.2um (BLANK1),EMOBON_PiEGetxo_Wa_119,NA,NA,NA,NA,NA,NA,NA,NA,NA,NA,NA,NA,NA,NA,NA,NA,NA,NA,NA,NA,NA,NA,NA,NA,NA,NA,NA,NA,NA,NA,NA,NA,NA,NA,NA,NA,NA,NA,NA,NA,NA,NA,NA,NA,NA,NA,NA,NA,NA,NA,NA,NA,NA,NA,NA,NA,NA,NA,NA,NA,NA,NA,NA,NA,NA,NA,NA,NA,NA,NA,NA
EMO BON PiEGetxo Wa 221220 3um (1),EMOBON_PiEGetxo_Wa_120,0.37,HPLC (Alliance HPLC System) following the method described by Zapata et al. 2000,14.3,EXO2 multiparameter sonde,14.3,EXO2 multiparameter sonde,33.13,EXO2 multiparameter sonde,33.13,EXO2 multiparameter sonde,,,,,,,,,,40.213,EXO2 multiparameter sonde,,,,,,,,,,,,,,,,,,,,,,,7.71,EXO2 multiparameter sonde,,,,,,,,,,,Clorophyll B: 0.115;Clorofila a 0.370,HPLC (Alliance HPLC System) following the method described by Zapata et al. 2000,,,,,,,,,,,,,,
EMO BON PiEGetxo Wa  221220 3um (2),EMOBON_PiEGetxo_Wa_121,0.37,HPLC (Alliance HPLC System) following the method described by Zapata et al. 2000,14.3,EXO2 multiparameter sonde,14.3,EXO2 multiparameter sonde,33.13,EXO2 multiparameter sonde,33.13,EXO2 multiparameter sonde,,,,,,,,,,40.213,EXO2 multiparameter sonde,,,,,,,,,,,,,,,,,,,,,,,7.71,EXO2 multiparameter sonde,,,,,,,,,,,Clorophyll B: 0.115;Clorofila a 0.370,HPLC (Alliance HPLC System) following the method described by Zapata et al. 2000,,,,,,,,,,,,,,
EMO BON PiEGetxo Wa  221220 0.2um (1),EMOBON_PiEGetxo_Wa_122,0.37,HPLC (Alliance HPLC System) following the method described by Zapata et al. 2000,14.3,EXO2 multiparameter sonde,14.3,EXO2 multiparameter sonde,33.13,EXO2 multiparameter sonde,33.13,EXO2 multiparameter sonde,,,,,,,,,,40.213,EXO2 multiparameter sonde,,,,,,,,,,,,,,,,,,,,,,,7.71,EXO2 multiparameter sonde,,,,,,,,,,,Clorophyll B: 0.115;Clorofila a 0.370,HPLC (Alliance HPLC System) following the method described by Zapata et al. 2000,,,,,,,,,,,,,,
EMO BON PiEGetxo Wa  221220 0.2um (2),EMOBON_PiEGetxo_Wa_123,0.37,HPLC (Alliance HPLC System) following the method described by Zapata et al. 2000,14.3,EXO2 multiparameter sonde,14.3,EXO2 multiparameter sonde,33.13,EXO2 multiparameter sonde,33.13,EXO2 multiparameter sonde,,,,,,,,,,40.213,EXO2 multiparameter sonde,,,,,,,,,,,,,,,,,,,,,,,7.71,EXO2 multiparameter sonde,,,,,,,,,,,Clorophyll B: 0.115;Clorofila a 0.370,HPLC (Alliance HPLC System) following the method described by Zapata et al. 2000,,,,,,,,,,,,,,
EMO BON PiEGetxo Wa  221220 3um (BLANK),EMOBON_PiEGetxo_Wa_124,NA,NA,NA,NA,NA,NA,NA,NA,NA,NA,NA,NA,NA,NA,NA,NA,NA,NA,NA,NA,NA,NA,NA,NA,NA,NA,NA,NA,NA,NA,NA,NA,NA,NA,NA,NA,NA,NA,NA,NA,NA,NA,NA,NA,NA,NA,NA,NA,NA,NA,NA,NA,NA,NA,NA,NA,NA,NA,NA,NA,NA,NA,NA,NA,NA,NA,NA,NA,NA,NA,NA
EMO BON PiEGetxo Wa  221220 0.2um (BLANK),EMOBON_PiEGetxo_Wa_125,NA,NA,NA,NA,NA,NA,NA,NA,NA,NA,NA,NA,NA,NA,NA,NA,NA,NA,NA,NA,NA,NA,NA,NA,NA,NA,NA,NA,NA,NA,NA,NA,NA,NA,NA,NA,NA,NA,NA,NA,NA,NA,NA,NA,NA,NA,NA,NA,NA,NA,NA,NA,NA,NA,NA,NA,NA,NA,NA,NA,NA,NA,NA,NA,NA,NA,NA,NA,NA,NA,NA
EMO BON PiEGetxo Wa  221220 3um (3),EMOBON_PiEGetxo_Wa_126,0.37,HPLC (Alliance HPLC System) following the method described by Zapata et al. 2000,14.3,EXO2 multiparameter sonde,14.3,EXO2 multiparameter sonde,33.13,EXO2 multiparameter sonde,33.13,EXO2 multiparameter sonde,,,,,,,,,,40.213,EXO2 multiparameter sonde,,,,,,,,,,,,,,,,,,,,,,,7.71,EXO2 multiparameter sonde,,,,,,,,,,,Clorophyll B: 0.115;Clorofila a 0.370,HPLC (Alliance HPLC System) following the method described by Zapata et al. 2000,,,,,,,,,,,,,,
EMO BON PiEGetxo Wa  221220 3um (4),EMOBON_PiEGetxo_Wa_127,0.37,HPLC (Alliance HPLC System) following the method described by Zapata et al. 2000,14.3,EXO2 multiparameter sonde,14.3,EXO2 multiparameter sonde,33.13,EXO2 multiparameter sonde,33.13,EXO2 multiparameter sonde,,,,,,,,,,40.213,EXO2 multiparameter sonde,,,,,,,,,,,,,,,,,,,,,,,7.71,EXO2 multiparameter sonde,,,,,,,,,,,Clorophyll B: 0.115;Clorofila a 0.370,HPLC (Alliance HPLC System) following the method described by Zapata et al. 2000,,,,,,,,,,,,,,
EMO BON PiEGetxo Wa  221220 0.2um (3),EMOBON_PiEGetxo_Wa_128,0.37,HPLC (Alliance HPLC System) following the method described by Zapata et al. 2000,14.3,EXO2 multiparameter sonde,14.3,EXO2 multiparameter sonde,33.13,EXO2 multiparameter sonde,33.13,EXO2 multiparameter sonde,,,,,,,,,,40.213,EXO2 multiparameter sonde,,,,,,,,,,,,,,,,,,,,,,,7.71,EXO2 multiparameter sonde,,,,,,,,,,,Clorophyll B: 0.115;Clorofila a 0.370,HPLC (Alliance HPLC System) following the method described by Zapata et al. 2000,,,,,,,,,,,,,,
EMO BON PiEGetxo Wa  221220 0.2um (4),EMOBON_PiEGetxo_Wa_129,0.37,HPLC (Alliance HPLC System) following the method described by Zapata et al. 2000,14.3,EXO2 multiparameter sonde,14.3,EXO2 multiparameter sonde,33.13,EXO2 multiparameter sonde,33.13,EXO2 multiparameter sonde,,,,,,,,,,40.213,EXO2 multiparameter sonde,,,,,,,,,,,,,,,,,,,,,,,7.71,EXO2 multiparameter sonde,,,,,,,,,,,Clorophyll B: 0.115;Clorofila a 0.370,HPLC (Alliance HPLC System) following the method described by Zapata et al. 2000,,,,,,,,,,,,,,
EMO BON PiEGetxo Wa  221220 3um (BLANK1),EMOBON_PiEGetxo_Wa_130,NA,NA,NA,NA,NA,NA,NA,NA,NA,NA,NA,NA,NA,NA,NA,NA,NA,NA,NA,NA,NA,NA,NA,NA,NA,NA,NA,NA,NA,NA,NA,NA,NA,NA,NA,NA,NA,NA,NA,NA,NA,NA,NA,NA,NA,NA,NA,NA,NA,NA,NA,NA,NA,NA,NA,NA,NA,NA,NA,NA,NA,NA,NA,NA,NA,NA,NA,NA,NA,NA,NA
EMO BON PiEGetxo Wa  221220 0.2um (BLANK1),EMOBON_PiEGetxo_Wa_131,NA,NA,NA,NA,NA,NA,NA,NA,NA,NA,NA,NA,NA,NA,NA,NA,NA,NA,NA,NA,NA,NA,NA,NA,NA,NA,NA,NA,NA,NA,NA,NA,NA,NA,NA,NA,NA,NA,NA,NA,NA,NA,NA,NA,NA,NA,NA,NA,NA,NA,NA,NA,NA,NA,NA,NA,NA,NA,NA,NA,NA,NA,NA,NA,NA,NA,NA,NA,NA,NA,NA
